Movie_Title,Movie_URL,Movie_Cover,Release_Date,Genre,Movie_Directors
"Charlie, mon héros",https://www.imdb.com/title/tt0096787/?ref_=fn_al_tt_1,"https://m.media-amazon.com/images/M/MV5BNzQwZWNlMzktZjBhYy00MDFkLTg0MjktODNiOWZmOGI5N2FjXkEyXkFqcGdeQXVyODIyOTEyMzY@._V1_QL75_UY74_CR1,0,50,74_.jpg",1989,,"Dom DeLuise, Burt Reynolds"
All American,https://www.imdb.com/title/tt7414406/?ref_=fn_al_tt_2,"https://m.media-amazon.com/images/M/MV5BNjA2OTIxZmYtMDI4OC00NjJlLTgxNzEtYmJlMmM2MGUwNTk4XkEyXkFqcGdeQXVyODUzNDU3NTA@._V1_QL75_UY74_CR5,0,50,74_.jpg",2018–,Série télévisée,Série télévisée
All Ladies Do It,https://www.imdb.com/title/tt0104014/?ref_=fn_al_tt_3,"https://m.media-amazon.com/images/M/MV5BNTYxZWVkYjAtZDg3Zi00OTViLWI2ZjYtODc3MTA4Njc3M2Y4XkEyXkFqcGdeQXVyNjQ2MjQ5NzM@._V1_QL75_UY74_CR1,0,50,74_.jpg",1992,,"Claudia Koll, Paolo Lanza"
All Creatures Great and Small,https://www.imdb.com/title/tt10590066/?ref_=fn_al_tt_4,"https://m.media-amazon.com/images/M/MV5BZGU5NGRiMjAtMTJhYy00ZmNjLWJiNzktYTMwZTNhNzI1NTM5XkEyXkFqcGdeQXVyNDk3ODk4OQ@@._V1_QL75_UX50_CR0,8,50,74_.jpg",2020–,Série télévisée,Série télévisée
Sans jamais nous connaître,https://www.imdb.com/title/tt21192142/?ref_=fn_al_tt_5,"https://m.media-amazon.com/images/M/MV5BMWRiZWRiYjYtMGVkMy00YWQ0LTkzZDMtMzkyZWM4NWViN2FhXkEyXkFqcGc@._V1_QL75_UY74_CR1,0,50,74_.jpg",2023,,"Andrew Scott, Paul Mescal"
For All Mankind,https://www.imdb.com/title/tt7772588/?ref_=fn_al_tt_6,"https://m.media-amazon.com/images/M/MV5BMmNhY2U5ZTMtYTRjNS00MWRlLThmOTUtNTBlNDUyYWUyMTZkXkEyXkFqcGdeQXVyMTUzMTg2ODkz._V1_QL75_UX50_CR0,1,50,74_.jpg",2019–,Série télévisée,Série télévisée
Toute la lumière que nous ne pouvons voir,https://www.imdb.com/title/tt15320362/?ref_=fn_al_tt_7,"https://m.media-amazon.com/images/M/MV5BNTZmZTdlY2QtMjVhYS00ZmJlLWExYTctMTQwNWQ5ZTc5ODE0XkEyXkFqcGdeQXVyMTUyNjc3NDQ4._V1_QL75_UX50_CR0,0,50,74_.jpg",2023,Mini-série télévisée,Mini-série télévisée
All in the Family,https://www.imdb.com/title/tt0066626/?ref_=fn_al_tt_8,"https://m.media-amazon.com/images/M/MV5BNGFlMjM4ZDQtZmY3MS00NjRiLWE0MjMtOGFiNzcxMjlmNjI5XkEyXkFqcGdeQXVyMTUyNjc3NDQ4._V1_QL75_UX50_CR0,1,50,74_.jpg",1971–1979,Série télévisée,Série télévisée
All of Us Are Dead,https://www.imdb.com/title/tt14169960/?ref_=fn_al_tt_9,"https://m.media-amazon.com/images/M/MV5BZDY4ZmZhNzMtNjdkMC00NTE3LWFjYzQtOGE4OTllOGY1NTk5XkEyXkFqcGc@._V1_QL75_UX50_CR0,0,50,74_.jpg",2022–,Série télévisée,Série télévisée
All About Anna,https://www.imdb.com/title/tt0349080/?ref_=fn_al_tt_10,"https://m.media-amazon.com/images/M/MV5BMjcyMDg3MTcyMF5BMl5BanBnXkFtZTcwNjIzMjA0MQ@@._V1_QL75_UY74_CR2,0,50,74_.jpg",2005,Vidéo,Vidéo
De si jolis chevaux,https://www.imdb.com/title/tt0149624/?ref_=fn_al_tt_11,"https://m.media-amazon.com/images/M/MV5BZmI1N2Y4NTYtMzM0NS00YmNhLTk4MGUtYzg3NWE4Y2JlNjlkXkEyXkFqcGdeQXVyMTQxNzMzNDI@._V1_QL75_UX50_CR0,0,50,74_.jpg",2000,,"Matt Damon, Penélope Cruz"
Everything Everywhere All at Once,https://www.imdb.com/title/tt6710474/?ref_=fn_al_tt_12,"https://m.media-amazon.com/images/M/MV5BZTQ4YTk5NmUtOGEzNi00ZjY1LTg5ZjItNDUyOTk0YWJiZDFiXkEyXkFqcGdeQXVyNjA5ODQxMDI@._V1_QL75_UY74_CR1,0,50,74_.jpg",2022,,"Michelle Yeoh, Stephanie Hsu"
All American: Homecoming,https://www.imdb.com/title/tt14088994/?ref_=fn_al_tt_13,"https://m.media-amazon.com/images/M/MV5BYzkzZjk1MmYtZTRiZC00MDA4LTg1ZjItYmJjN2UyMWYyM2ZkXkEyXkFqcGdeQXVyODUzNDU3NTA@._V1_QL75_UY74_CR5,0,50,74_.jpg",2022–2024,Série télévisée,Série télévisée
Les hommes du président,https://www.imdb.com/title/tt0074119/?ref_=fn_al_tt_14,"https://m.media-amazon.com/images/M/MV5BYjVkMTBiYTMtMTM5ZS00MzY2LWIwMzktZjI1NDIyZGE1OWJmXkEyXkFqcGdeQXVyODIyOTEyMzY@._V1_QL75_UX50_CR0,1,50,74_.jpg",1976,,"Dustin Hoffman, Robert Redford"
La force du destin,https://www.imdb.com/title/tt0065272/?ref_=fn_al_tt_15,"https://m.media-amazon.com/images/M/MV5BZGM3NjMzY2UtMzQ5Yi00NzdiLTgxNTUtY2JkNjNlMzE3YTcyXkEyXkFqcGc@._V1_QL75_UY74_CR12,0,50,74_.jpg",1970–2011,Série télévisée,Série télévisée
All That,https://www.imdb.com/title/tt0111875/?ref_=fn_al_tt_16,"https://m.media-amazon.com/images/M/MV5BZjk4NTc1MjYtYmI2Yy00NzRjLTkwNmItOGM1NjExMThlNzhkXkEyXkFqcGdeQXVyNjc0MjkzNjc@._V1_QL75_UX50_CR0,1,50,74_.jpg",1994–2020,Série télévisée,Série télévisée
All Rise,https://www.imdb.com/title/tt10329042/?ref_=fn_al_tt_17,"https://m.media-amazon.com/images/M/MV5BYzBkN2E2Y2MtMjk1NS00YzMzLWJjODItYzFhYWE1Y2U1Yzk5XkEyXkFqcGdeQXVyMTM1NjM2ODg1._V1_QL75_UX50_CR0,0,50,74_.jpg",2019–2023,Série télévisée,Série télévisée
Agatha All Along,https://www.imdb.com/title/tt15571732/?ref_=fn_al_tt_18,"https://m.media-amazon.com/images/M/MV5BOWRjZDZhNmEtN2FiYi00N2Y5LTgwNTYtZGJlMzBhYmE5MmRhXkEyXkFqcGc@._V1_QL75_UX50_CR0,0,50,74_.jpg",2024–,Mini-série télévisée,Mini-série télévisée
Que le spectacle commence...,https://www.imdb.com/title/tt0078754/?ref_=fn_al_tt_19,"https://m.media-amazon.com/images/M/MV5BNTZiM2I4ZDQtMDUzYi00Nzk4LWFmM2UtZjAxODU2NTQwMTFlXkEyXkFqcGdeQXVyMjExMzI0OTg@._V1_QL75_UY74_CR4,0,50,74_.jpg",1979,,"Roy Scheider, Jessica Lange"
All Hallows' Eve,https://www.imdb.com/title/tt2900624/?ref_=fn_al_tt_20,"https://m.media-amazon.com/images/M/MV5BYTUyMGVhMzUtZmY3NS00MzJkLTkxZjQtNzUyZmY5ZDQ1YTZiXkEyXkFqcGdeQXVyMjQ0OTA1Nzc@._V1_QL75_UX50_CR0,1,50,74_.jpg",2013,,"Katie Maguire, Catherine A. Callahan"
Love & Secrets,https://www.imdb.com/title/tt1175709/?ref_=fn_al_tt_21,"https://m.media-amazon.com/images/M/MV5BMTcwMjIyMTc2Nl5BMl5BanBnXkFtZTcwOTQyMzc5Mw@@._V1_QL75_UX50_CR0,0,50,74_.jpg",2010,,"Ryan Gosling, Kirsten Dunst"
Je ne vois que toi,https://www.imdb.com/title/tt4486986/?ref_=fn_al_tt_22,"https://m.media-amazon.com/images/M/MV5BNzBlYWE1MWUtMGY0YS00OWRjLTk4ZmEtODUzNWI1ZDJmNGUzXkEyXkFqcGdeQXVyMTEyOTQ1OTk4._V1_QL75_UX50_CR0,1,50,74_.jpg",2016,,"Blake Lively, Jason Clarke"
All Creatures Great and Small,https://www.imdb.com/title/tt0075472/?ref_=fn_al_tt_23,"https://m.media-amazon.com/images/M/MV5BMzU2Mjg1OTAtOTc3ZS00MTk4LTliYWEtZWU1OTk2YTg3MzdkXkEyXkFqcGdeQXVyMTgxOTIzNzk@._V1_QL75_UX50_CR0,1,50,74_.jpg",1978–1990,Série télévisée,Série télévisée
Tout l'argent du monde,https://www.imdb.com/title/tt5294550/?ref_=fn_al_tt_24,"https://m.media-amazon.com/images/M/MV5BZDVkNDk3NjgtMTBiMS00YTM5LTkxZTktMzlkYWEzNzIzOTA2XkEyXkFqcGdeQXVyMjgyNjk3MzE@._V1_QL75_UY74_CR3,0,50,74_.jpg",2017,,"Michelle Williams, Christopher Plummer"
All Saints,https://www.imdb.com/title/tt0163924/?ref_=fn_al_tt_25,"https://m.media-amazon.com/images/M/MV5BZWMzMmU1ZjYtNTI5NS00YzkxLTgxZDctYmY3NTQ2NzNiOTJhXkEyXkFqcGdeQXVyNTE1NjY5Mg@@._V1_QL75_UY74_CR2,0,50,74_.jpg",1998–2009,Série télévisée,Série télévisée
Ève...,https://www.imdb.com/title/tt0042192/?ref_=fn_al_tt_26,"https://m.media-amazon.com/images/M/MV5BMTgyNjAxMDcyOV5BMl5BanBnXkFtZTgwMzI4NzQ0MjE@._V1_QL75_UY74_CR3,0,50,74_.jpg",1950,,"Bette Davis, Anne Baxter"
All the Queen's Men,https://www.imdb.com/title/tt14321632/?ref_=fn_al_tt_27,"https://m.media-amazon.com/images/M/MV5BY2Q0MzQwZGEtMjk4ZC00MTgzLWEyOGEtMzU2ZjVhMDI2N2RhXkEyXkFqcGdeQXVyMTAxNzQ1NzI@._V1_QL75_UX50_CR0,1,50,74_.jpg",2021–,Série télévisée,Série télévisée
Bones and All,https://www.imdb.com/title/tt10168670/?ref_=fn_al_tt_28,"https://m.media-amazon.com/images/M/MV5BMjcxOWE1ZTItOWIyZS00YzliLWEzYmEtM2RhNTJlNDA1ODAyXkEyXkFqcGdeQXVyMTM1MTE1NDMx._V1_QL75_UY74_CR3,0,50,74_.jpg",2022,,"Timothée Chalamet, Taylor Russell"
Elle est trop bien,https://www.imdb.com/title/tt0160862/?ref_=fn_al_tt_29,"https://m.media-amazon.com/images/M/MV5BY2Y0N2YyOTQtMGNiYy00ZDViLTgxYmItODkxNzlkMWVjNTFkXkEyXkFqcGdeQXVyMTQxNzMzNDI@._V1_QL75_UX50_CR0,1,50,74_.jpg",1999,,"Freddie Prinze Jr., Rachael Leigh Cook"
All Is Lost,https://www.imdb.com/title/tt2017038/?ref_=fn_al_tt_30,"https://m.media-amazon.com/images/M/MV5BYzkxOGQxMGYtMTk2OS00ZjY1LTkyNmMtMWE1MWZmY2YwZmQ4XkEyXkFqcGdeQXVyODIyOTEyMzY@._V1_QL75_UY74_CR2,0,50,74_.jpg",2013,,Robert Redford
All Eyes Off Me,https://www.imdb.com/title/tt14043818/?ref_=fn_al_tt_31,"https://m.media-amazon.com/images/M/MV5BOGU5NDFmMWQtYmRmYS00YWM4LWExMjEtODU2ZWM3Yjk0MzE5XkEyXkFqcGc@._V1_QL75_UY74_CR3,0,50,74_.jpg",2021,,"Elisheva Weil, Leib Levin"
All We Imagine as Light,https://www.imdb.com/title/tt32086077/?ref_=fn_al_tt_32,"https://m.media-amazon.com/images/M/MV5BMzI5YjBlY2YtNGE1Mi00MTk0LWFjNWItMWYyNzA5NjI1YzczXkEyXkFqcGdeQXVyNzI2NzU1ODc@._V1_QL75_UY74_CR1,0,50,74_.jpg",2024,,"Kani Kusruti, Divya Prabha"
Les Suprêmes,https://www.imdb.com/title/tt13699132/?ref_=fn_al_tt_33,"https://m.media-amazon.com/images/M/MV5BZTBkYjcyZjItY2FhYi00OWNiLWIwNjMtNzJiNWViYjE0MjE1XkEyXkFqcGc@._V1_QL75_UY74_CR5,0,50,74_.jpg",2024,,"Aunjanue Ellis-Taylor, Sanaa Lathan"
All Eyez on Me,https://www.imdb.com/title/tt1666185/?ref_=fn_al_tt_34,"https://m.media-amazon.com/images/M/MV5BMTc5NzQ4NzU4OF5BMl5BanBnXkFtZTgwNTkxMzE0MjI@._V1_QL75_UX50_CR0,1,50,74_.jpg",2017,,"Demetrius Shipp Jr., Danai Gurira"
Un homme pour l'éternité,https://www.imdb.com/title/tt0060665/?ref_=fn_al_tt_35,"https://m.media-amazon.com/images/M/MV5BYTA2OWUwZjMtNGJjMC00MDNiLWI0ZTctZTZiNmNmMjhhNDllXkEyXkFqcGdeQXVyMTM2ODk1OTQ@._V1_QL75_UY74_CR2,0,50,74_.jpg",1966,,"Paul Scofield, Wendy Hiller"
All-Star Weekend,https://www.imdb.com/title/tt2461172/?ref_=fn_al_tt_36,"https://m.media-amazon.com/images/M/MV5BMWVlNWYyZGYtMmEyZi00OWUyLWIzNjgtNjM5YzE5NmI5ZGIwXkEyXkFqcGc@._V1_QL75_UX50_CR0,13,50,74_.jpg",1966,,"Paul Scofield, Wendy Hiller"
All My Friends Are Dead,https://www.imdb.com/title/tt9567458/?ref_=fn_al_tt_37,"https://m.media-amazon.com/images/M/MV5BZWI1ZjNjZDMtYzE3OS00YTlhLTk4OTEtNTA2MGMzOTk0Y2I3XkEyXkFqcGc@._V1_QL75_UX50_CR0,1,50,74_.jpg",2024,,"Jade Pettyjohn, JoJo Siwa"
All Her Fault,https://www.imdb.com/title/tt31314751/?ref_=fn_al_tt_38,,Mini-série télévisée,,"Sarah Snook, Dakota Fanning"
Le couteau par la lame,https://www.imdb.com/title/tt3706352/?ref_=fn_al_tt_39,"https://m.media-amazon.com/images/M/MV5BNTZhNDM0MGItYjIwYS00NTMzLWIxYmUtZjIwM2Q4NDhjY2EyXkEyXkFqcGdeQXVyMTM1MTE1NDMx._V1_QL75_UY74_CR0,0,50,74_.jpg",2022,,"Goksin Erdemli, Kasia Madera"
All About,https://www.imdb.com/title/tt14966226/?ref_=fn_al_tt_40,"https://m.media-amazon.com/images/M/MV5BMGE5ZmRhOWMtMDhhMi00MjAxLTliZjMtZjQyMDU4ZjRiMzg1XkEyXkFqcGc@._V1_QL75_UX50_CR0,0,50,74_.jpg",2021–,Série télévisée,Série télévisée
All About Albert,https://www.imdb.com/title/tt2390361/?ref_=fn_al_tt_41,"https://m.media-amazon.com/images/M/MV5BY2IwNzFiMDItZTAyYy00NjA3LTg1ODctYTNkNDYyNTgwMDkyXkEyXkFqcGdeQXVyMTA4NjE0NjEy._V1_QL75_UY74_CR3,0,50,74_.jpg",2013,,"Julia Louis-Dreyfus, James Gandolfini"
"Le Diable, tout le temps",https://www.imdb.com/title/tt7395114/?ref_=fn_al_tt_42,"https://m.media-amazon.com/images/M/MV5BOTgxMDA4ZTItODc5MC00ZDk3LThjOWQtNTc3ZDQ3NzY3MTYyXkEyXkFqcGdeQXVyODc0OTEyNDU@._V1_QL75_UY74_CR2,0,50,74_.jpg",2020,,"Bill Skarsgård, Tom Holland"
L'esprit d'équipe,https://www.imdb.com/title/tt0085154/?ref_=fn_al_tt_43,"https://m.media-amazon.com/images/M/MV5BNTkzMjk4NTgtNjFkZi00ZGU2LWEyNDktZjY3NmM0YjU3N2UyXkEyXkFqcGc@._V1_QL75_UX50_CR0,1,50,74_.jpg",1983,,"Tom Cruise, Lea Thompson"
All of Us,https://www.imdb.com/title/tt0362404/?ref_=fn_al_tt_44,"https://m.media-amazon.com/images/M/MV5BYjYxYjIwN2ItYzI2YS00NjJkLTg3YWYtNWZkN2Y5YTYxMzI4XkEyXkFqcGdeQXVyNjc3MjQzNTI@._V1_QL75_UY74_CR3,0,50,74_.jpg",2003–2023,Série télévisée,Série télévisée
All Things Fall Apart,https://www.imdb.com/title/tt1606390/?ref_=fn_al_tt_45,"https://m.media-amazon.com/images/M/MV5BMTMzNDI0NzQwN15BMl5BanBnXkFtZTcwNTYzMDkyNw@@._V1_QL75_UY74_CR2,0,50,74_.jpg",2011,,"50 Cent, Ray Liotta"
All My Life,https://www.imdb.com/title/tt8305852/?ref_=fn_al_tt_46,"https://m.media-amazon.com/images/M/MV5BMTRiMDc1M2ItMTYzNC00NWExLTgwMjYtN2NjNzkzNTNlZDczXkEyXkFqcGdeQXVyMTI1MTIwMzUw._V1_QL75_UX50_CR0,0,50,74_.jpg",2020,,"Jessica Rothe, Harry Shum Jr."
All Fun and Games,https://www.imdb.com/title/tt10092698/?ref_=fn_al_tt_47,"https://m.media-amazon.com/images/M/MV5BMTEwN2NlNjgtZGMyNy00MjlkLTk3ZmUtYThmNmM4NjViZjhhXkEyXkFqcGc@._V1_QL75_UX50_CR0,1,50,74_.jpg",2023,,"Asa Butterfield, Natalia Dyer"
All My Friends Hate Me,https://www.imdb.com/title/tt9340892/?ref_=fn_al_tt_48,"https://m.media-amazon.com/images/M/MV5BZmY3OWY3MTMtZjBkYy00MzYwLWI1OGYtNWQyNWEzNzZiM2I3XkEyXkFqcGc@._V1_QL75_UX50_CR0,0,50,74_.jpg",2021,,"Georgina Campbell, Dustin Demri-Burns"
À l'Ouest rien de nouveau,https://www.imdb.com/title/tt0020629/?ref_=fn_al_tt_49,"https://m.media-amazon.com/images/M/MV5BMDdlMzRjM2MtNjcxNy00MjgyLTkyZmYtY2ExODM0OTBkMzI0XkEyXkFqcGdeQXVyMzg1ODEwNQ@@._V1_QL75_UX50_CR0,1,50,74_.jpg",1930,,"Lew Ayres, Louis Wolheim"
Solo pour deux,https://www.imdb.com/title/tt0086873/?ref_=fn_al_tt_50,"https://m.media-amazon.com/images/M/MV5BZDgyZWQ1ZWUtMjQxZS00MzlkLWEzYWEtZjllZTI1OTk0Mjg5XkEyXkFqcGdeQXVyNTI4MjkwNjA@._V1_QL75_UX50_CR0,2,50,74_.jpg",1984,,"Steve Martin, Lily Tomlin"
Tous les garçons aiment Mandy Lane,https://www.imdb.com/title/tt0490076/?ref_=fn_al_tt_51,"https://m.media-amazon.com/images/M/MV5BMzM0MjU1MzUzMF5BMl5BanBnXkFtZTcwMjcwNDQyOQ@@._V1_QL75_UX50_CR0,0,50,74_.jpg",2006,,"Amber Heard, Anson Mount"
All of You,https://www.imdb.com/title/tt30852384/?ref_=fn_al_tt_52,"https://m.media-amazon.com/images/M/MV5BODlkZTBmODItYTVmZS00ODg4LTkxY2UtNTJhYTgzMTBlZTM4XkEyXkFqcGc@._V1_QL75_UY74_CR37,0,50,74_.jpg",2024,,"Brett Goldstein, Jenna Coleman"
All About Steve,https://www.imdb.com/title/tt0881891/?ref_=fn_al_tt_53,"https://m.media-amazon.com/images/M/MV5BMTA5MTQxOTE2OTReQTJeQWpwZ15BbWU3MDY5NzI4NzI@._V1_QL75_UX50_CR0,0,50,74_.jpg",2009,,"Sandra Bullock, Bradley Cooper"
All the Way,https://www.imdb.com/title/tt3791216/?ref_=fn_al_tt_54,"https://m.media-amazon.com/images/M/MV5BMzUwMTRmMjYtNjI0ZC00Mzc3LTgyZGQtZTA5OTg5ZmVkZDMxXkEyXkFqcGdeQXVyNDQzMDg4Nzk@._V1_QL75_UX50_CR0,0,50,74_.jpg",2016,Téléfilm,Téléfilm
Toute la beauté et le sang versé,https://www.imdb.com/title/tt21374850/?ref_=fn_al_tt_55,"https://m.media-amazon.com/images/M/MV5BYzQ5OWRhMjktN2ZhOS00OTMzLWE1ZWItMjMxMGY2MWFiMzBhXkEyXkFqcGdeQXVyMTAyMjQ3NzQ1._V1_QL75_UX50_CR0,0,50,74_.jpg",2022,,"Nan Goldin, David Velasco"
Il est trop bien,https://www.imdb.com/title/tt4590256/?ref_=fn_al_tt_56,"https://m.media-amazon.com/images/M/MV5BOTQ1YmFkZjQtNWY4OC00ODFiLWJkN2UtYWUzMTA4NTUxM2UxXkEyXkFqcGdeQXVyMTEwNDU1MzEy._V1_QL75_UX50_CR0,1,50,74_.jpg",2021,,"Addison Rae, Tanner Buchanan"
Les fous du roi,https://www.imdb.com/title/tt0405676/?ref_=fn_al_tt_57,"https://m.media-amazon.com/images/M/MV5BYTg2MTJhMTQtMDQ0OC00Y2Q1LWIxYzQtZjVmMTAyNjkxMjQxXkEyXkFqcGc@._V1_QL75_UY74_CR3,0,50,74_.jpg",2006,,"Sean Penn, Jude Law"
Turtles All the Way Down,https://www.imdb.com/title/tt7737224/?ref_=fn_al_tt_58,"https://m.media-amazon.com/images/M/MV5BZDMwZTlhZGEtNTRkZi00YjI5LTliMDctN2UzZWJkZjk5NmJjXkEyXkFqcGdeQXVyOTc0NjQzOTM@._V1_QL75_UX50_CR0,0,50,74_.jpg",2024,,"Isabela Merced, Cree"
Deux filles au tapis,https://www.imdb.com/title/tt0081964/?ref_=fn_al_tt_59,"https://m.media-amazon.com/images/M/MV5BNWVmNTc5NGMtMDIzMC00NTczLWFhOWQtNDYzOTAwMjU1ODc0XkEyXkFqcGdeQXVyMjI4MjA5MzA@._V1_QL75_UX50_CR0,2,50,74_.jpg",1981,,"Peter Falk, Vicki Frederick"
Elite Squad,https://www.imdb.com/title/tt6012244/?ref_=fn_al_tt_60,"https://m.media-amazon.com/images/M/MV5BMTEyMWQyMGItZDI5Zi00ZTZlLWE4YmMtYzI5YjE4OGJhZmJkXkEyXkFqcGdeQXVyMjY2ODcxNw@@._V1_QL75_UX50_CR0,0,50,74_.jpg",2018,,"Milo Gibson, Sylvia Hoeks"
All Cheerleaders Die,https://www.imdb.com/title/tt2527186/?ref_=fn_al_tt_61,"https://m.media-amazon.com/images/M/MV5BYTQ5ZWQwZGEtM2U5My00YTk5LTg5MWUtMDZjZjJiNjM2ZDY1XkEyXkFqcGc@._V1_QL75_UX50_CR0,1,50,74_.jpg",2013,,"Sidney Allison, Charon R. Arnold"
La Somme de toutes les peurs,https://www.imdb.com/title/tt0164184/?ref_=fn_al_tt_62,"https://m.media-amazon.com/images/M/MV5BMmYxZjE5MDYtNmE5ZS00M2VmLWE2NjktYzQwNTJmYjhhNjMwXkEyXkFqcGdeQXVyODIyOTEyMzY@._V1_QL75_UY74_CR3,0,50,74_.jpg",2002,,"Ben Affleck, Morgan Freeman"
Les fous du roi,https://www.imdb.com/title/tt0041113/?ref_=fn_al_tt_63,"https://m.media-amazon.com/images/M/MV5BZjQyN2MwMjAtNmJmZS00OWZlLWE1NGQtOGZmYmRjZjIyNWEyL2ltYWdlL2ltYWdlXkEyXkFqcGdeQXVyNjc1NTYyMjg@._V1_QL75_UX50_CR0,1,50,74_.jpg",1949,,"Broderick Crawford, John Ireland"
All Happy Families,https://www.imdb.com/title/tt15388560/?ref_=fn_al_tt_64,"https://m.media-amazon.com/images/M/MV5BOTZhYzNkMGQtZjJjZS00NTU1LTkxYTItODYzZjY5NzQwNjI0XkEyXkFqcGc@._V1_QL75_UX50_CR0,0,50,74_.jpg",2023,,"Becky Ann Baker, Colleen Camp"
Charlie 2,https://www.imdb.com/title/tt0115509/?ref_=fn_al_tt_65,"https://m.media-amazon.com/images/M/MV5BYjAyODY0MzktZDgxYy00ODIxLTgxYzQtNWNjYmI5MDI2MDY0XkEyXkFqcGdeQXVyMTA0MDM3NDg4._V1_QL75_UY74_CR1,0,50,74_.jpg",1996,,"Charlie Sheen, Sheena Easton"
Bikini Car Wash,https://www.imdb.com/title/tt3820450/?ref_=fn_al_tt_66,"https://m.media-amazon.com/images/M/MV5BNTM0NmFhMWQtYjRjMi00MjY0LWE5MjItZDg0N2ZmYTgxMDQ2XkEyXkFqcGc@._V1_QL75_UY74_CR1,0,50,74_.jpg",2015,,"Jack Cullison, Jason Lockhart"
Chasseurs de Primes,https://www.imdb.com/title/tt0278295/?ref_=fn_al_tt_67,"https://m.media-amazon.com/images/M/MV5BNjM0MzliMDktZGFlOS00NmQ3LWJhYWItMjBhZmI2OGRlMmMwXkEyXkFqcGdeQXVyNjExODE1MDc@._V1_QL75_UY74_CR0,0,50,74_.jpg",2002,,"Ice Cube, Mike Epps"
All Saints,https://www.imdb.com/title/tt4663548/?ref_=fn_al_tt_68,"https://m.media-amazon.com/images/M/MV5BMjMwODgxMDU4OV5BMl5BanBnXkFtZTgwMDMzNDQ3MjI@._V1_QL75_UX50_CR0,0,50,74_.jpg",2017,,"John Corbett, Cara Buono"
All or Nothing,https://www.imdb.com/title/tt0286261/?ref_=fn_al_tt_69,"https://m.media-amazon.com/images/M/MV5BMjQ3NzM1NjA0NF5BMl5BanBnXkFtZTcwNjQ4MDQ3NA@@._V1_QL75_UX50_CR0,1,50,74_.jpg",2002,,"Timothy Spall, Lesley Manville"
All Is True,https://www.imdb.com/title/tt9206798/?ref_=fn_al_tt_70,"https://m.media-amazon.com/images/M/MV5BODI5Nzc1Nzk2Ml5BMl5BanBnXkFtZTgwNTg5MTQ5NjM@._V1_QL75_UX50_CR0,0,50,74_.jpg",2018,,"Kenneth Branagh, Judi Dench"
All We Had,https://www.imdb.com/title/tt3910814/?ref_=fn_al_tt_71,"https://m.media-amazon.com/images/M/MV5BMTk5OTM2MjQyNl5BMl5BanBnXkFtZTgwNjM2NDE0MDI@._V1_QL75_UX50_CR0,0,50,74_.jpg",2016,,"Katie Holmes, Stefania LaVie Owen"
Tout ce que le ciel permet,https://www.imdb.com/title/tt0047811/?ref_=fn_al_tt_72,"https://m.media-amazon.com/images/M/MV5BNjg3ZDM4YjEtYzcxYy00MTA5LTk3ZjAtYzVhMzUxYzIzZTI2XkEyXkFqcGdeQXVyMTEyODk3NTgz._V1_QL75_UY74_CR3,0,50,74_.jpg",1955,,"Jane Wyman, Rock Hudson"
All Hallows' Eve 2,https://www.imdb.com/title/tt5022680/?ref_=fn_al_tt_73,"https://m.media-amazon.com/images/M/MV5BMTYwNTA2NDY0Ml5BMl5BanBnXkFtZTgwNjE5MjU5NjE@._V1_QL75_UY74_CR2,0,50,74_.jpg",2015,,"Andrea Monier, Damien Monier"
À l'ouest rien de nouveau,https://www.imdb.com/title/tt0078753/?ref_=fn_al_tt_74,"https://m.media-amazon.com/images/M/MV5BY2RkOGJmNDAtMTg0YS00NWM5LWEwNjgtOTIyM2Y3NTNkNTQ0XkEyXkFqcGdeQXVyMDY4MzkyNw@@._V1_QL75_UX50_CR0,0,50,74_.jpg",1979,Téléfilm,Téléfilm
All the King's Men,https://www.imdb.com/title/tt0220969/?ref_=fn_al_tt_75,"https://m.media-amazon.com/images/M/MV5BM2NhZDg3NTMtNmZmYi00N2ZiLWJkMDctMmRlZjI1Nzg1YzZkXkEyXkFqcGdeQXVyNTM3MDMyMDQ@._V1_QL75_UY74_CR3,0,50,74_.jpg",1999,Téléfilm,Téléfilm
All Souls,https://www.imdb.com/title/tt14316486/?ref_=fn_al_tt_76,"https://m.media-amazon.com/images/M/MV5BYjJhMDk2OTMtOTFhZS00MGI5LTk1MTctYWIxN2NmMjNhZmRiXkEyXkFqcGdeQXVyOTg4MDYyNw@@._V1_QL75_UY74_CR0,0,50,74_.jpg",2023,,"Moise Amadou, Billie J Bradford"
My All American,https://www.imdb.com/title/tt3719896/?ref_=fn_al_tt_77,"https://m.media-amazon.com/images/M/MV5BMTU3ODA0MjI0Ml5BMl5BanBnXkFtZTgwNTUwNDQxNjE@._V1_QL75_UX50_CR0,0,50,74_.jpg",2015,,"Aaron Eckhart, Finn Wittrock"
Les Razbitume,https://www.imdb.com/title/tt0387714/?ref_=fn_al_tt_78,"https://m.media-amazon.com/images/M/MV5BODkyZWQwYjMtNTFlMC00NmI0LWI4NTktYmU5Yzc0NDUyNGUxXkEyXkFqcGc@._V1_QL75_UX50_CR0,1,50,74_.jpg",2003–2008,Série télévisée,Série télévisée
Tout ce que nous respirons,https://www.imdb.com/title/tt16377862/?ref_=fn_al_tt_79,"https://m.media-amazon.com/images/M/MV5BNTJjOTMyOTMtYTlmZC00NDAxLWIwM2EtNDkzNjcyMDljMmQ2XkEyXkFqcGdeQXVyNjQyMTI3MTM@._V1_QL75_UY74_CR0,0,50,74_.jpg",2022,,"Salik Rehman, Mohammad Saud"
Justice pour tous,https://www.imdb.com/title/tt0078718/?ref_=fn_al_tt_80,"https://m.media-amazon.com/images/M/MV5BOWI2ODlhNzgtNDBmMS00OTJmLWIwYTUtMDI1Zjk4OWUwYWUzXkEyXkFqcGdeQXVyNTI2ODA2NTc@._V1_QL75_UY74_CR2,0,50,74_.jpg",1979,,"Al Pacino, Jack Warden"
Les Razbitume,https://www.imdb.com/title/tt0387714/?ref_=fn_al_tt_81,"https://m.media-amazon.com/images/M/MV5BODkyZWQwYjMtNTFlMC00NmI0LWI4NTktYmU5Yzc0NDUyNGUxXkEyXkFqcGc@._V1_QL75_UX50_CR0,1,50,74_.jpg",2003–2008,Série télévisée,Série télévisée
All About Lily Chou-Chou,https://www.imdb.com/title/tt0297721/?ref_=fn_al_tt_82,"https://m.media-amazon.com/images/M/MV5BMzhkMzYyYzYtMDJmNi00MzZkLTkyYzQtNGUzOGQ5NjMxZTU0XkEyXkFqcGdeQXVyNjc3MjQzNTI@._V1_QL75_UX50_CR0,1,50,74_.jpg",2001,,"Hayato Ichihara, Shûgo Oshinari"
All Summers End,https://www.imdb.com/title/tt2370230/?ref_=fn_al_tt_83,"https://m.media-amazon.com/images/M/MV5BOGI4OTBjY2EtYmExMC00MDZkLWE1YjYtODNkMTgyZTViY2ZmXkEyXkFqcGdeQXVyMTMxODk2OTU@._V1_QL75_UX50_CR0,0,50,74_.jpg",2017,,"Kaitlyn Dever, Pablo Schreiber"
American Girls 3,https://www.imdb.com/title/tt0490822/?ref_=fn_al_tt_84,"https://m.media-amazon.com/images/M/MV5BMTMxMjk3MzIyMl5BMl5BanBnXkFtZTcwODAyNjMzMQ@@._V1_QL75_UY74_CR2,0,50,74_.jpg",2006,Vidéo,Vidéo
Rank,https://www.imdb.com/title/tt24973142/?ref_=fn_al_tt_85,"https://m.media-amazon.com/images/M/MV5BYmQxZmQzZmYtMTFhMC00NWRhLTlkMjgtZTZlZDcxZWQwZmM1XkEyXkFqcGdeQXVyOTI3MzI4MzA@._V1_QL75_UY74_CR5,0,50,74_.jpg",2023,,"Bodhisattva Sharma, Samta Sudiksha"
Mon Ex Beau-père et moi,https://www.imdb.com/title/tt4662420/?ref_=fn_al_tt_86,"https://m.media-amazon.com/images/M/MV5BMTQ4NzUwNzA0MV5BMl5BanBnXkFtZTgwMTg3MjIwMTI@._V1_QL75_UX50_CR0,0,50,74_.jpg",2017,,"Lio Tipton, Emile Hirsch"
Une maison pour deux,https://www.imdb.com/title/tt4460176/?ref_=fn_al_tt_87,"https://m.media-amazon.com/images/M/MV5BYzE4ZDFmYWEtNzVkNi00Mjc5LTk0ZWItYWFjOTAzZmJkYjc5XkEyXkFqcGdeQXVyNjg5MzE4NTA@._V1_QL75_UX50_CR0,1,50,74_.jpg",2015,Téléfilm,Téléfilm
À tous les garçons que j'ai aimés,https://www.imdb.com/title/tt3846674/?ref_=fn_al_tt_88,"https://m.media-amazon.com/images/M/MV5BOWYxN2NmYzUtZDMzNS00YWU4LTg4YzYtMTZmYWJlZjdlNGFiXkEyXkFqcGdeQXVyMTA0MDM3NDg4._V1_QL75_UX50_CR0,1,50,74_.jpg",2018,,"Lana Condor, Noah Centineo"
The Greatest of All Time,https://www.imdb.com/title/tt27487934/?ref_=fn_al_tt_89,"https://m.media-amazon.com/images/M/MV5BYWI1MTgyNzgtOWI5MS00NzliLTgzNjctZDJkYmFiMTIzYjM0XkEyXkFqcGc@._V1_QL75_UY74_CR3,0,50,74_.jpg",2024,,"Joseph Vijay, Prabhu Deva"
All the Mountains Give,https://www.imdb.com/title/tt32881217/?ref_=fn_al_tt_90,"https://m.media-amazon.com/images/M/MV5BOGJjZTAyYTQtM2MzYi00OGZlLWJiYWYtZmVhMTZhNjA2NDM5XkEyXkFqcGc@._V1_QL75_UY74_CR2,0,50,74_.jpg",2024,,"Hamid Alimohamadi, Yasser Dadrast"
All Eyes,https://www.imdb.com/title/tt13101714/?ref_=fn_al_tt_91,"https://m.media-amazon.com/images/M/MV5BMzFjMDQxZGQtYTY4YS00MDVkLTg5YWMtYzc4ZDY3OTBmNTRlXkEyXkFqcGdeQXVyMTUzMTg2ODkz._V1_QL75_UX50_CR0,0,50,74_.jpg",2022,,"Jasper Hammer, Ben Hall"
Contre toute attente,https://www.imdb.com/title/tt0086859/?ref_=fn_al_tt_92,"https://m.media-amazon.com/images/M/MV5BNDAzY2U1NDktZjI2Ny00MDk2LWExMDctMzMyNzVmOWQyNDIxXkEyXkFqcGdeQXVyODIyOTEyMzY@._V1_QL75_UY74_CR4,0,50,74_.jpg",1984,,"Rachel Ward, Jeff Bridges"
RuPaul's Drag Race Global All Stars,https://www.imdb.com/title/tt32919055/?ref_=fn_al_tt_93,"https://m.media-amazon.com/images/M/MV5BZjk4YjI1YTMtZWY3OC00NDBmLWE1Y2EtZmU0YWExNDcyMzg0XkEyXkFqcGc@._V1_QL75_UX50_CR0,0,50,74_.jpg",2024–,Série télévisée,Série télévisée
Les enfants invisibles,https://www.imdb.com/title/tt0411098/?ref_=fn_al_tt_94,"https://m.media-amazon.com/images/M/MV5BYTk0YmQwYTctZjI1MC00MTY4LWIxOGQtZDA3MzQzNmU4N2M1XkEyXkFqcGc@._V1_QL75_UY74_CR1,0,50,74_.jpg",2005,,"Adama Bila, Elysée Rouamba"
All the Real Girls,https://www.imdb.com/title/tt0299458/?ref_=fn_al_tt_95,"https://m.media-amazon.com/images/M/MV5BYTc5OTFjODItNGM0ZC00MTNmLTkzM2EtM2I5ZjUzYTQwNjFhXkEyXkFqcGdeQXVyMTcwOTQzOTYy._V1_QL75_UX50_CR0,1,50,74_.jpg",2003,,"Zooey Deschanel, Paul Schneider"
All Ladies Do It,https://www.imdb.com/title/tt13438922/?ref_=fn_al_tt_96,"https://m.media-amazon.com/images/M/MV5BOWE2OGI1ZjItMTI1MS00MDZmLThiMDAtNDQzNzE0NDVmOTU0XkEyXkFqcGc@._V1_QL75_UX50_CR0,1,50,74_.jpg",2020,,"Sejal Shah, Vikas Sachdeva"
Les marines attaquent,https://www.imdb.com/title/tt0053583/?ref_=fn_al_tt_97,"https://m.media-amazon.com/images/M/MV5BN2RjYjAzMDAtMTI1Ni00ZGJhLWJlMjMtMWQxZTAxM2VlN2M2XkEyXkFqcGdeQXVyNjQzNDI3NzY@._V1_QL75_UX50_CR0,2,50,74_.jpg",1960,,"Alan Ladd, Sidney Poitier"
All Together Now,https://www.imdb.com/title/tt3155342/?ref_=fn_al_tt_98,"https://m.media-amazon.com/images/M/MV5BZTM4OGY1NDctM2ZiMy00NWZhLThjODktODY1YTczOTdhYzgzXkEyXkFqcGdeQXVyNjEwNTM2Mzc@._V1_QL75_UX50_CR0,0,50,74_.jpg",2020,,"Auli'i Cravalho, Rhenzy Feliz"
All-American Murder,https://www.imdb.com/title/tt0103652/?ref_=fn_al_tt_99,"https://m.media-amazon.com/images/M/MV5BZDU4ZGRjMWYtMDQ5Yi00ZmU3LTg5ZjgtMjhlYmQyZmI0MTI4XkEyXkFqcGdeQXVyMTQxNzMzNDI@._V1_QL75_UX50_CR0,1,50,74_.jpg",1991,Vidéo,Vidéo
The Last Girl : Celle qui a tous les dons,https://www.imdb.com/title/tt4547056/?ref_=fn_al_tt_100,"https://m.media-amazon.com/images/M/MV5BNWVkNmYwMzktNWFjYS00ZTU3LTlkOTgtYmNlNWJhNzI1ZmNiXkEyXkFqcGc@._V1_QL75_UY74_CR2,0,50,74_.jpg",2016,,"Sennia Nanua, Fisayo Akinade"
All About Nina,https://www.imdb.com/title/tt7542576/?ref_=fn_al_tt_101,"https://m.media-amazon.com/images/M/MV5BMjQ0MjIyZTgtZjYyMS00NGE5LWE4MWQtMWQ0OWFjNGU0MDA1XkEyXkFqcGdeQXVyODE0MDY3NzY@._V1_QL75_UX50_CR0,0,50,74_.jpg",2018,,"Mary Elizabeth Winstead, Brodie Reed"
Hustlers Take All,https://www.imdb.com/title/tt31851178/?ref_=fn_al_tt_102,"https://m.media-amazon.com/images/M/MV5BY2M3ODM4ZDEtNjRhMS00Yzc1LTg0MDQtYjE3Y2VmYzdhMTg0XkEyXkFqcGc@._V1_QL75_UY74_CR1,0,50,74_.jpg",2024,,"Adrienne Barbeau, Kyla Burke"
Roi Julian! L'Élu des lémurs,https://www.imdb.com/title/tt3807022/?ref_=fn_al_tt_103,"https://m.media-amazon.com/images/M/MV5BNTcwNDM2Nzc5NV5BMl5BanBnXkFtZTgwNDA3NjY4MzE@._V1_QL75_UX50_CR0,0,50,74_.jpg",2014–2017,Série télévisée,Série télévisée
All That Is Sacred,https://www.imdb.com/title/tt28866877/?ref_=fn_al_tt_104,"https://m.media-amazon.com/images/M/MV5BMDNjYTIyMDctZDBhMS00YjgwLTkyYTEtNmYyNzBmM2Q1ZWQ5XkEyXkFqcGdeQXVyNTc1MzM3Mjk@._V1_QL75_UY74_CR0,0,50,74_.jpg",2023,Court-métrage,Court-métrage
Sexy Dance 5: All in Vegas,https://www.imdb.com/title/tt2626350/?ref_=fn_al_tt_105,"https://m.media-amazon.com/images/M/MV5BMTUzMjUyODA1Nl5BMl5BanBnXkFtZTgwMjIwNTQ5MTE@._V1_QL75_UX50_CR0,2,50,74_.jpg",2014,,"Ryan Guzman, Briana Evigan"
Le roman de notre amour,https://www.imdb.com/title/tt6948128/?ref_=fn_al_tt_106,"https://m.media-amazon.com/images/M/MV5BNGNmZDgyODMtN2JmYi00ZjhjLTk0MTEtYzZiNGY1YTFlNzAyXkEyXkFqcGdeQXVyNzY4ODc3OTA@._V1_QL75_UX50_CR0,1,50,74_.jpg",2016,Téléfilm,Téléfilm
All You Need Is Death,https://www.imdb.com/title/tt27562761/?ref_=fn_al_tt_107,"https://m.media-amazon.com/images/M/MV5BYjM1YWRmZGMtZGRmOS00MjNmLWE3MGQtZGQ0ZDUyZWExM2Q4XkEyXkFqcGdeQXVyNDY3NjMzOTA@._V1_QL75_UX50_CR0,0,50,74_.jpg",2023,,"Simone Collins, Charlie Maher"
Tous les chemins mènent à Rome,https://www.imdb.com/title/tt4119278/?ref_=fn_al_tt_108,"https://m.media-amazon.com/images/M/MV5BMTYwODU2MjkzNl5BMl5BanBnXkFtZTgwNDQyMTY2NzE@._V1_QL75_UY74_CR1,0,50,74_.jpg",2015,,"Sarah Jessica Parker, Raoul Bova"
All Is Bright,https://www.imdb.com/title/tt1462901/?ref_=fn_al_tt_109,"https://m.media-amazon.com/images/M/MV5BMjE2ODg4MDUzOF5BMl5BanBnXkFtZTgwMzk5MjkxMDE@._V1_QL75_UY74_CR0,0,50,74_.jpg",2013,,"Paul Giamatti, Paul Rudd"
All Over Me,https://www.imdb.com/title/tt0118586/?ref_=fn_al_tt_110,"https://m.media-amazon.com/images/M/MV5BMTU4MzY4NzI0M15BMl5BanBnXkFtZTcwMjQ0MDY5Mg@@._V1_QL75_UY74_CR1,0,50,74_.jpg",1997,,"Alison Folland, Tara Subkoff"
All Together Now,https://www.imdb.com/title/tt0101036/?ref_=fn_al_tt_111,"https://m.media-amazon.com/images/M/MV5BMGE0OWVhMjQtNGMyYi00MTZhLWExMzYtZjlkY2Q0MmYwZmZmXkEyXkFqcGc@._V1_QL75_UY74_CR1,0,50,74_.jpg",1991–1993,Série télévisée,Série télévisée
All Illusions Must Be Broken,https://www.imdb.com/title/tt10374714/?ref_=fn_al_tt_112,"https://m.media-amazon.com/images/M/MV5BNGJlODBkYzUtYjMxOC00ZjY1LWE3YjgtZGNmMTNmNzdmOTI1XkEyXkFqcGdeQXVyODI0Mzg5Mg@@._V1_QL75_UX50_CR0,0,50,74_.jpg",2024,,"Ernest Becker, Sam Keen"
All Elite Wrestling: Dynamite,https://www.imdb.com/title/tt10691888/?ref_=fn_al_tt_113,"https://m.media-amazon.com/images/M/MV5BNmMzZmM5MTktMTViMC00N2E0LWJiNmEtMWQ5ZWZhODc3OWMxXkEyXkFqcGc@._V1_QL75_UX50_CR0,1,50,74_.jpg",2019–,Série télévisée,Série télévisée
Tout au long de la nuit,https://www.imdb.com/title/tt0054614/?ref_=fn_al_tt_114,"https://m.media-amazon.com/images/M/MV5BY2YwY2Y3OTMtN2JlZC00YTA0LThmNjQtZTczMmQwNTE2YTYxXkEyXkFqcGdeQXVyMjI4MjA5MzA@._V1_QL75_UX50_CR0,0,50,74_.jpg",1962,,"Patrick McGoohan, Keith Michell"
All Day and a Night,https://www.imdb.com/title/tt3993886/?ref_=fn_al_tt_115,"https://m.media-amazon.com/images/M/MV5BNjBlNGNjOWUtOWE3NC00OTU3LTk2ZmQtZTIyYjc0NDgwMjM1XkEyXkFqcGdeQXVyMTMxODk2OTU@._V1_QL75_UX50_CR0,0,50,74_.jpg",2020,,"Ashton Sanders, Jeffrey Wright"
All-Star Superman,https://www.imdb.com/title/tt1699114/?ref_=fn_al_tt_116,"https://m.media-amazon.com/images/M/MV5BMDBmNTkxMGYtYzJmNy00MTU3LWFhMWItNmNiMDBiOTViODU5XkEyXkFqcGdeQXVyMTY3NTgwODk5._V1_QL75_UX50_CR0,1,50,74_.jpg",2011,Vidéo,Vidéo
Night Run,https://www.imdb.com/title/tt2199571/?ref_=fn_al_tt_117,"https://m.media-amazon.com/images/M/MV5BNWQ0MDRmOWYtNGFiNy00MGVlLWE5NWYtMjg1N2I3NzQ0ZjE3XkEyXkFqcGdeQXVyMTIzMzQ1ODg4._V1_QL75_UY74_CR3,0,50,74_.jpg",2015,,"Liam Neeson, Ed Harris"
All There Is,https://www.imdb.com/title/tt20672952/?ref_=fn_al_tt_118,"https://m.media-amazon.com/images/M/MV5BNmMzN2M1MWItNTA3OC00NWMzLWI2NGItYWM1YjhkODhlZDJmXkEyXkFqcGc@._V1_QL75_UY74_CR1,0,50,74_.jpg",2015,,"Liam Neeson, Ed Harris"
La Course au jouet,https://www.imdb.com/title/tt0116705/?ref_=fn_al_tt_119,"https://m.media-amazon.com/images/M/MV5BZjAxODdmYmQtZWIzOS00ZjEyLTk0NTItYmY2ZGJmMzAxODM3XkEyXkFqcGdeQXVyODIyOTEyMzY@._V1_QL75_UY74_CR2,0,50,74_.jpg",1996,,"Arnold Schwarzenegger, Sinbad"
All That We Love,https://www.imdb.com/title/tt10730122/?ref_=fn_al_tt_120,"https://m.media-amazon.com/images/M/MV5BMGE1ZDQ5ZDEtNjE5Ni00YTk2LThlNDMtZDUyYzg4YTk4YzAzXkEyXkFqcGdeQXVyMTM1NjM2ODg1._V1_QL75_UY74_CR12,0,50,74_.jpg",2024,,"Alice Lee, Missi Pyle"
All Over the Guy,https://www.imdb.com/title/tt0250202/?ref_=fn_al_tt_121,"https://m.media-amazon.com/images/M/MV5BZTBmZGU3ZTUtOWE1Ni00MWE0LWJlODktNjMzNTA2N2MwNTk3XkEyXkFqcGdeQXVyMTIzNTI5NTM1._V1_QL75_UY74_CR3,0,50,74_.jpg",2001,,"Dan Bucatinsky, Richard Ruccolo"
All Creatures Here Below,https://www.imdb.com/title/tt5740852/?ref_=fn_al_tt_122,"https://m.media-amazon.com/images/M/MV5BMDYwYTkyN2QtMzU4MS00OGRlLTgxMTYtMWVhMDc4NzJjMmViXkEyXkFqcGdeQXVyNzIzMTc2Mw@@._V1_QL75_UX50_CR0,0,50,74_.jpg",2018,,"David Dastmalchian, Karen Gillan"
All Babe Network,https://www.imdb.com/title/tt3039380/?ref_=fn_al_tt_123,"https://m.media-amazon.com/images/M/MV5BYmMzNzZkN2MtZTRhMS00ODZiLWI4NDEtNDA4NjYzM2UzYzYwXkEyXkFqcGdeQXVyNjQ2MjQ5NzM@._V1_QL75_UY74_CR2,0,50,74_.jpg",2013,Vidéo,Vidéo
All of This Unreal Time,https://www.imdb.com/title/tt14569898/?ref_=fn_al_tt_124,"https://m.media-amazon.com/images/M/MV5BNGM0YjVkMjUtZjExNC00OTA4LWI5ODYtMjJkMTc1MDhmNzgzXkEyXkFqcGdeQXVyODAzNDU3NTA@._V1_QL75_UY74_CR41,0,50,74_.jpg",2021,Court-métrage,Court-métrage
All Inclusive,https://www.imdb.com/title/tt13370378/?ref_=fn_al_tt_125,"https://m.media-amazon.com/images/M/MV5BM2Q0NzUyNTMtMjljYS00YmYxLThiMWQtZDhmMjJlODY3YzUyXkEyXkFqcGdeQXVyNDA4NTIwOQ@@._V1_QL75_UY74_CR1,0,50,74_.jpg",2023,,"Tibor Lukács, Jennifer Hoffman"
All the Devils are Here,https://www.imdb.com/title/tt26896414/?ref_=fn_al_tt_126,"https://m.media-amazon.com/images/M/MV5BNzQ2OGUzYjktOGJmMS00ZGU0LWE1NDYtNmFlNmQyNzgxMDRmXkEyXkFqcGdeQXVyMjY2MzE3MzI@._V1_QL75_UY74_CR7,0,50,74_.jpg",2023,,"Tibor Lukács, Jennifer Hoffman"
All Dirt Roads Taste of Salt,https://www.imdb.com/title/tt11534720/?ref_=fn_al_tt_127,"https://m.media-amazon.com/images/M/MV5BMjkyM2E0ZmYtMWVhMi00ZDk3LWI2ZDMtN2UzYjJiYjQyOGQ3XkEyXkFqcGdeQXVyMTM1NjM2ODg1._V1_QL75_UX50_CR0,0,50,74_.jpg",2023,,"Kaylee Nicole Johnson, Chris Chalk"
Kill Em All 2,https://www.imdb.com/title/tt6549510/?ref_=fn_al_tt_128,"https://m.media-amazon.com/images/M/MV5BMTFjZTg5ZjQtZDgwYy00M2EwLWJiZjItMGMyNzE4YTcyMTIwXkEyXkFqcGc@._V1_QL75_UY74_CR3,0,50,74_.jpg",2024,,"Peter Stormare, Jean-Claude Van Damme"
L'Aventure à deux : Le mariage,https://www.imdb.com/title/tt8589788/?ref_=fn_al_tt_129,"https://m.media-amazon.com/images/M/MV5BNTc2ZjdmNjMtNDcyMC00YjNmLTk1OTUtYWE3MmVkNDMzZTdlXkEyXkFqcGdeQXVyNTU2MDQyOTk@._V1_QL75_UX50_CR0,1,50,74_.jpg",2018,Téléfilm,Téléfilm
La vie en mauve,https://www.imdb.com/title/tt0082001/?ref_=fn_al_tt_130,"https://m.media-amazon.com/images/M/MV5BM2Y3YjAwNDUtMGY3ZS00NzQzLTg0ZWUtNzIyNjE1OTIyYmJmL2ltYWdlXkEyXkFqcGdeQXVyNzc5MjA3OA@@._V1_QL75_UX50_CR0,1,50,74_.jpg",1981,,"Gene Hackman, Barbra Streisand"
L'Ange de la violence,https://www.imdb.com/title/tt0055738/?ref_=fn_al_tt_131,"https://m.media-amazon.com/images/M/MV5BZmIyZGIxNDQtY2IxYS00MzZjLWFlMzUtYWM0NDZmNzBlZTkwXkEyXkFqcGdeQXVyNjc1NTYyMjg@._V1_QL75_UX50_CR0,1,50,74_.jpg",1962,,"Eva Marie Saint, Warren Beatty"
All That,https://www.imdb.com/title/tt10309492/?ref_=fn_al_tt_132,"https://m.media-amazon.com/images/M/MV5BNzFjM2NkYzEtNjY5ZC00ZTAxLWJjZmItOTdmNmY4ZTdmYTRjXkEyXkFqcGdeQXVyNjc0MjkzNjc@._V1_QL75_UX50_CR0,1,50,74_.jpg",2019–,Série télévisée,Série télévisée
All in Good Taste,https://www.imdb.com/title/tt0128037/?ref_=fn_al_tt_133,"https://m.media-amazon.com/images/M/MV5BZDNlMmYzMWEtN2MwYy00ODNjLTg4N2UtZDkxYjdkYTVkZWMwL2ltYWdlXkEyXkFqcGdeQXVyMjI3ODYyNDU@._V1_QL75_UX50_CR0,2,50,74_.jpg",1983,,"Jonathan Welsh, Harvey Atkin"
All That Glitters,https://www.imdb.com/title/tt30320596/?ref_=fn_al_tt_134,"https://m.media-amazon.com/images/M/MV5BZWY1NmU4MTctYWIwOS00YjdhLWFmZWQtZDgwM2Q0Yzc3MTkxXkEyXkFqcGdeQXVyMTM2MjI4NzEw._V1_QL75_UY74_CR41,0,50,74_.jpg",1983,,"Jonathan Welsh, Harvey Atkin"
Échec à la Gestapo,https://www.imdb.com/title/tt0034449/?ref_=fn_al_tt_135,"https://m.media-amazon.com/images/M/MV5BMmQ1OGY5NWQtNzdjZi00NWNhLTg0ZjktYTZjYmI5YzBmNGY5XkEyXkFqcGc@._V1_QL75_UY74_CR3,0,50,74_.jpg",1942,,"Humphrey Bogart, Conrad Veidt"
All Hallows Eve Trickster,https://www.imdb.com/title/tt29607860/?ref_=fn_al_tt_136,"https://m.media-amazon.com/images/M/MV5BYWVhODIwNTAtMzY5NC00NmNjLWI0NzAtZDhjNzVmMWVlOGVhXkEyXkFqcGdeQXVyMzEwMTQxOTU@._V1_QL75_UY74_CR3,0,50,74_.jpg",2023,,"Tyler Steelman, Vincent Chiaramonte"
All Good Things,https://www.imdb.com/title/tt7449274/?ref_=fn_al_tt_137,"https://m.media-amazon.com/images/M/MV5BMTM5YTg5NDUtMjE1MC00ODc3LWFjOTItZTM0NjUxOGVmNzQzXkEyXkFqcGdeQXVyNzk1Mzg5ODI@._V1_QL75_UY74_CR1,0,50,74_.jpg",2019,,"Morgan Fairchild, Corbin Bernsen"
All My Puny Sorrows,https://www.imdb.com/title/tt13588156/?ref_=fn_al_tt_138,"https://m.media-amazon.com/images/M/MV5BYjY5YTE2YjgtNjRkOC00OWMxLTg0MGItZjI1MTM5ODgzN2NhXkEyXkFqcGdeQXVyMzQwMTY2Nzk@._V1_QL75_UY74_CR1,0,50,74_.jpg",2021,,"Alison Pill, Sarah Gadon"
RuPaul's Drag Race All Stars,https://www.imdb.com/title/tt2301351/?ref_=fn_al_tt_139,"https://m.media-amazon.com/images/M/MV5BNDY2MzNjZWMtMzE2Ni00YTJmLWJlYmUtMDcwYWU3MTRlMmRmXkEyXkFqcGdeQXVyMTM1NjM2ODg1._V1_QL75_UX50_CR0,0,50,74_.jpg",2012–,Série télévisée,Série télévisée
All the Sins of Sodom,https://www.imdb.com/title/tt0061345/?ref_=fn_al_tt_140,"https://m.media-amazon.com/images/M/MV5BMTI2NTUzNDgxN15BMl5BanBnXkFtZTcwOTEwNTQ4Mg@@._V1_QL75_UY74_CR2,0,50,74_.jpg",1968,,"Sue Akers, Morris Kaplan"
Et tout le monde riait...,https://www.imdb.com/title/tt0083189/?ref_=fn_al_tt_141,"https://m.media-amazon.com/images/M/MV5BYTM3MjZhOTQtZjIxNi00OTUxLWJkOTgtMmM0YTFiZGM5Y2Y0XkEyXkFqcGdeQXVyMjA0MDQ0Mjc@._V1_QL75_UX50_CR0,1,50,74_.jpg",1981,,"Audrey Hepburn, Ben Gazzara"
L'Australienne,https://www.imdb.com/title/tt0086663/?ref_=fn_al_tt_142,"https://m.media-amazon.com/images/M/MV5BMjA3ZmMxMDctM2ZlNi00MTNiLTgwODUtNWRiM2U0YmNkYjYzXkEyXkFqcGdeQXVyODEwNDQ0Mzc@._V1_QL75_UY74_CR1,0,50,74_.jpg",1983–1990,Mini-série télévisée,Mini-série télévisée
All About the Levkoviches,https://www.imdb.com/title/tt22000548/?ref_=fn_al_tt_143,"https://m.media-amazon.com/images/M/MV5BNjUwOTRhNDEtYTNhZC00NmM3LTk5ZGEtMjVkZjI2ZTBiNmI1XkEyXkFqcGdeQXVyNDgwODkwODY@._V1_QL75_UY74_CR1,0,50,74_.jpg",2024,,"Zoltán Bezerédi, Tamás Szabó Kimmel"
All the Names of God,https://www.imdb.com/title/tt20420538/?ref_=fn_al_tt_144,"https://m.media-amazon.com/images/M/MV5BZTFhNTI5MDItYTk4My00NGM1LWIzZWMtMTg4OTY0MDgxY2Y5XkEyXkFqcGdeQXVyMTYzMDUzNjEw._V1_QL75_UY74_CR1,0,50,74_.jpg",2023,,"Luis Tosar, Inma Cuesta"
All the Queen's Men,https://www.imdb.com/title/tt0252223/?ref_=fn_al_tt_145,"https://m.media-amazon.com/images/M/MV5BM2VlMzJkMDktNjgxNC00NDFlLWJmMGItY2E3NjBmZjM4YzI3XkEyXkFqcGdeQXVyMjM3NTU0NTQ@._V1_QL75_UY74_CR1,0,50,74_.jpg",2001,,"Eddie Izzard, Matt LeBlanc"
La victoire sinon rien: Arsenal,https://www.imdb.com/title/tt15012798/?ref_=fn_al_tt_146,"https://m.media-amazon.com/images/M/MV5BOWY3ZDQzZGYtOGM5NS00MjIxLWJmZDMtNGIzMmIxYzg5MGJiXkEyXkFqcGdeQXVyMTM1MTE1NDMx._V1_QL75_UY74_CR3,0,50,74_.jpg",2022,Mini-série télévisée,Mini-série télévisée
All Girls Garage,https://www.imdb.com/title/tt2762476/?ref_=fn_al_tt_147,"https://m.media-amazon.com/images/M/MV5BNTU0ZDk4YTAtNjhhYS00N2M0LWEyZWEtMWQ2MjAzOWRhNTVlXkEyXkFqcGdeQXVyMTAwMzM3NDI3._V1_QL75_UY74_CR3,0,50,74_.jpg",2012–,Série télévisée,Série télévisée
All Through the House,https://www.imdb.com/title/tt4278962/?ref_=fn_al_tt_148,"https://m.media-amazon.com/images/M/MV5BMjhiYWIxYWYtZjgyMC00ODBmLWEwMmItNWI5MGYzNjZlM2E3XkEyXkFqcGdeQXVyMzM5MjQ1MTY@._V1_QL75_UX50_CR0,1,50,74_.jpg",2015,,"Ashley Mary Nunes, Jessica Cameron"
Clarissa Explains It All,https://www.imdb.com/title/tt0101065/?ref_=fn_al_tt_149,"https://m.media-amazon.com/images/M/MV5BY2Q2ODljZjQtMTU2Yi00N2I0LWI4M2EtNjNjOTkwM2MxMjAyXkEyXkFqcGdeQXVyODY0NzcxNw@@._V1_QL75_UX50_CR0,1,50,74_.jpg",1991–1994,Série télévisée,Série télévisée
All Stars,https://www.imdb.com/title/tt2186766/?ref_=fn_al_tt_150,"https://m.media-amazon.com/images/M/MV5BMjI0NDE2OTA4Ml5BMl5BanBnXkFtZTcwODU5NzQzOQ@@._V1_QL75_UX50_CR0,0,50,74_.jpg",2013,,"Theo Stevenson, Akai Osei"
All In,https://www.imdb.com/title/tt0431504/?ref_=fn_al_tt_151,"https://m.media-amazon.com/images/M/MV5BNTYxNGI3ZTUtNzIxOC00NTkyLThjNmUtMWZlNzI0ODZmYzk0XkEyXkFqcGc@._V1_QL75_UY74_CR1,0,50,74_.jpg",2003,Série télévisée,Série télévisée
L'étrangère,https://www.imdb.com/title/tt0032194/?ref_=fn_al_tt_152,"https://m.media-amazon.com/images/M/MV5BNDU0YzQ3YjEtODE4ZS00MmYwLWFhYzItMTk0NDRjNDBjOTgwXkEyXkFqcGdeQXVyMDUyOTUyNQ@@._V1_QL75_UY74_CR3,0,50,74_.jpg",1940,,"Bette Davis, Charles Boyer"
All At Once,https://www.imdb.com/title/tt5073756/?ref_=fn_al_tt_153,"https://m.media-amazon.com/images/M/MV5BYWZhYmRkMTAtYzc4ZS00OTgzLWJjM2QtODAzYTkyNWIyYWEyXkEyXkFqcGdeQXVyMzMzNTU5ODY@._V1_QL75_UX50_CR0,1,50,74_.jpg",2016,,"Jon Abrahams, Martin Abrahams"
Happy Birthday,https://www.imdb.com/title/tt1492705/?ref_=fn_al_tt_154,"https://m.media-amazon.com/images/M/MV5BYTI5NjU3NjQtY2Y1NC00YzhmLWJhNjAtNjRmNjIwNTlkMDQ4XkEyXkFqcGc@._V1_QL75_UX50_CR0,1,50,74_.jpg",2017,,"Sharon Stone, Tony Goldwyn"
"All Male, All Nude",https://www.imdb.com/title/tt7660662/?ref_=fn_al_tt_155,"https://m.media-amazon.com/images/M/MV5BNjNlMjgzZGItYjIzZS00NTRjLTgwMmMtODE1NDgxNjRmZjc4XkEyXkFqcGdeQXVyNjg0ODE1ODE@._V1_QL75_UY74_CR1,0,50,74_.jpg",2017,,"Steven Marchi, Matt Colunga"
Happy Birthday,https://www.imdb.com/title/tt1492705/?ref_=fn_al_tt_156,"https://m.media-amazon.com/images/M/MV5BYTI5NjU3NjQtY2Y1NC00YzhmLWJhNjAtNjRmNjIwNTlkMDQ4XkEyXkFqcGc@._V1_QL75_UX50_CR0,1,50,74_.jpg",2017,,"Sharon Stone, Tony Goldwyn"
Destroy All Neighbors,https://www.imdb.com/title/tt7884368/?ref_=fn_al_tt_157,"https://m.media-amazon.com/images/M/MV5BMzQxN2UwMDQtMmM2Yy00N2E2LThjMmUtOGU2ZmIyMzc1M2Y5XkEyXkFqcGdeQXVyMTIwMDk1MzI3._V1_QL75_UX50_CR0,1,50,74_.jpg",2024,,"Jonah Ray, Kiran Deol"
Passions envolées,https://www.imdb.com/title/tt0090608/?ref_=fn_al_tt_158,"https://m.media-amazon.com/images/M/MV5BMTgxOTgyNzExMF5BMl5BanBnXkFtZTcwNTI5ODIzMQ@@._V1_QL75_UY74_CR1,0,50,74_.jpg",1986,Mini-série télévisée,Mini-série télévisée
We're All Going to the World's Fair,https://www.imdb.com/title/tt13648224/?ref_=fn_al_tt_159,"https://m.media-amazon.com/images/M/MV5BZTE4NTg1ODMtYjRjYi00ZGUxLTk3NDAtY2YyMmE5Y2YyZjE1XkEyXkFqcGdeQXVyNTEyMDQyMjM@._V1_QL75_UX50_CR0,0,50,74_.jpg",2021,,"Anna Cobb, Michael J Rogers"
Un coach pour la Saint-Valentin,https://www.imdb.com/title/tt5329524/?ref_=fn_al_tt_160,"https://m.media-amazon.com/images/M/MV5BYThjNTQyYWQtODVmNy00NjMzLThkYTEtYWU4MDA3OWM1Y2JkXkEyXkFqcGdeQXVyNjg5MzE4NTA@._V1_QL75_UX50_CR0,1,50,74_.jpg",2016,Téléfilm,Téléfilm
All Inclusive,https://www.imdb.com/title/tt6433886/?ref_=fn_al_tt_161,"https://m.media-amazon.com/images/M/MV5BZTFjNzRiNmQtNjg1My00ZTMxLTlhOTYtNmQ3NDIzNjRmNGU2XkEyXkFqcGdeQXVyNzk0OTIwMjI@._V1_QL75_UY74_CR1,0,50,74_.jpg",2017,,"Suzanne Reuter, Liv Mjönes"
All Hallows' Eve,https://www.imdb.com/title/tt4906686/?ref_=fn_al_tt_162,"https://m.media-amazon.com/images/M/MV5BNjkzNzdkYWQtYjAzMS00MmVkLWFhYmUtYzI2MjA4M2Q5NDBlXkEyXkFqcGdeQXVyNjc4MzkxMjk@._V1_QL75_UY74_CR5,0,50,74_.jpg",2016,,"Lexi Giovagnoli, Ashley Argota Torres"
Les inconnus du désert,https://www.imdb.com/title/tt0071120/?ref_=fn_al_tt_163,"https://m.media-amazon.com/images/M/MV5BOTI1ZTRiZWQtMzdiNi00MjkwLTk3OTUtNDlkZWVjZTkzZWM5XkEyXkFqcGdeQXVyNDE5MTU2MDE@._V1_QL75_UX50_CR0,1,50,74_.jpg",1974,Téléfilm,Téléfilm
I Wish You All the Best,https://www.imdb.com/title/tt22525442/?ref_=fn_al_tt_164,"https://m.media-amazon.com/images/M/MV5BYTMxOGM4OWItZGNiYy00YzljLWJiZjEtY2EyZmM0OWU0MTU2XkEyXkFqcGc@._V1_QL75_UX50_CR0,0,50,74_.jpg",2024,,"Alexandra Daddario, Cole Sprouse"
L'affaire Mary Kay Letourneau,https://www.imdb.com/title/tt0232062/?ref_=fn_al_tt_165,"https://m.media-amazon.com/images/M/MV5BNDYyODk4ZGItMDQ5ZC00MWIyLWIxYjEtMzQ4MWM2NDdlZDdlXkEyXkFqcGdeQXVyMzU0NzkwMDg@._V1_QL75_UY74_CR1,0,50,74_.jpg",2000,Téléfilm,Téléfilm
All Dogs Go to Heaven: The Series,https://www.imdb.com/title/tt0118252/?ref_=fn_al_tt_166,"https://m.media-amazon.com/images/M/MV5BYWU1ODVhNDgtZTAyMi00OWUyLWI5MmMtYWE4MDY0NWRlZmNhXkEyXkFqcGdeQXVyMTI1Mzg0ODA5._V1_QL75_UY74_CR2,0,50,74_.jpg",1996–1999,Série télévisée,Série télévisée
All About E,https://www.imdb.com/title/tt3532686/?ref_=fn_al_tt_167,"https://m.media-amazon.com/images/M/MV5BNzExMTQwNDU0MV5BMl5BanBnXkFtZTgwMTk5OTc3NTE@._V1_QL75_UY74_CR1,0,50,74_.jpg",2015,,"Mandahla Rose, Brett Rogers"
All Night,https://www.imdb.com/title/tt7292950/?ref_=fn_al_tt_168,"https://m.media-amazon.com/images/M/MV5BMTkzMTgwMTM0M15BMl5BanBnXkFtZTgwOTM2NzczNTM@._V1_QL75_UX50_CR0,0,50,74_.jpg",2018,Série télévisée,Série télévisée
All at Sea,https://www.imdb.com/title/tt3271372/?ref_=fn_al_tt_169,"https://m.media-amazon.com/images/M/MV5BNGI3YTY2NDItMDE0Yy00YmI4LWIwNzktYmJkZDJhMzMzMGE1XkEyXkFqcGdeQXVyNjEwOTY1NDg@._V1_QL75_UY74_CR0,0,50,74_.jpg",2013–2015,Série télévisée,Série télévisée
All Creatures Great and Small,https://www.imdb.com/title/tt0071118/?ref_=fn_al_tt_170,"https://m.media-amazon.com/images/M/MV5BODNlYzU1NWEtOWI1ZC00MWY3LWJlOGMtODQ3OTQ4OGRkZGIyXkEyXkFqcGdeQXVyMTY5Nzc4MDY@._V1_QL75_UY74_CR0,0,50,74_.jpg",1975,Téléfilm,Téléfilm
All the Little Animals,https://www.imdb.com/title/tt0120584/?ref_=fn_al_tt_171,"https://m.media-amazon.com/images/M/MV5BOTBlNjVhNzEtODA4MS00YjQ0LTlhZjMtYjY3NTFiYTRlMDM4XkEyXkFqcGdeQXVyNTAyODkwOQ@@._V1_QL75_UY74_CR0,0,50,74_.jpg",1998,,"John Hurt, Christian Bale"
Croisière romantique,https://www.imdb.com/title/tt10720816/?ref_=fn_al_tt_172,"https://m.media-amazon.com/images/M/MV5BOTY2YzQwZmEtMjE1OS00MDcwLTg4YzYtZjgxNDNjMjY1MGRhXkEyXkFqcGc@._V1_QL75_UX50_CR0,1,50,74_.jpg",2019,Téléfilm,Téléfilm
American Psycho 2,https://www.imdb.com/title/tt0283877/?ref_=fn_al_tt_173,"https://m.media-amazon.com/images/M/MV5BMjFiNWFjYmUtZThmZi00MThmLWE4OWYtMjFiZmRiZWMzYmRiXkEyXkFqcGdeQXVyNjU0NTI0Nw@@._V1_QL75_UX50_CR0,0,50,74_.jpg",2002,Vidéo,Vidéo
All Hands on Deck,https://www.imdb.com/title/tt0054613/?ref_=fn_al_tt_174,"https://m.media-amazon.com/images/M/MV5BYjNiYTNkNmYtZWE5ZC00MTg2LWEwYWQtYWRiNTIzNmZhYzExXkEyXkFqcGdeQXVyMTQ3Njg3MQ@@._V1_QL75_UX50_CR0,1,50,74_.jpg",1961,,"Pat Boone, Buddy Hackett"
All the World Is Sleeping,https://www.imdb.com/title/tt15167316/?ref_=fn_al_tt_175,"https://m.media-amazon.com/images/M/MV5BMGM4NjIxMmUtMjA0ZS00MGJlLWFkZjctNjVhYmNhYzhkNWU1XkEyXkFqcGdeQXVyMTE0MTE1NzY5._V1_QL75_UX50_CR0,0,50,74_.jpg",2021,,"Melissa Barrera, Jackie Cruz"
All the Words But the One,https://www.imdb.com/title/tt30818627/?ref_=fn_al_tt_176,"https://m.media-amazon.com/images/M/MV5BOTRlYmZmYzgtYTAyYi00YzA5LTk2OWYtMWYxMjZkZTZkMGQ4XkEyXkFqcGdeQXVyOTcyMzc3MzA@._V1_QL75_UX50_CR0,1,50,74_.jpg",2024,Court-métrage,Court-métrage
All Roads to Pearla,https://www.imdb.com/title/tt6819848/?ref_=fn_al_tt_177,"https://m.media-amazon.com/images/M/MV5BZmFjOGFjMGEtZjc0Yy00ZmY1LTljYTUtZDk4OGM2YzhjMjgwXkEyXkFqcGdeQXVyMTMxODk2OTU@._V1_QL75_UX50_CR0,2,50,74_.jpg",2019,,"Addison Timlin, Corin Nemec"
All Girls Weekend,https://www.imdb.com/title/tt4247682/?ref_=fn_al_tt_178,"https://m.media-amazon.com/images/M/MV5BMTQ4NzIxOTc3Nl5BMl5BanBnXkFtZTgwNDE2NjI2OTE@._V1_QL75_UY74_CR1,0,50,74_.jpg",2016,,"Jamie Bernadette, Katie Carpenter"
Âmes rebelles,https://www.imdb.com/title/tt0035431/?ref_=fn_al_tt_179,"https://m.media-amazon.com/images/M/MV5BMjg0OThjZGQtZGIyMC00NWRhLTg2ZjItNTU4OWExYzcwZDg2XkEyXkFqcGdeQXVyNjg2NjExMzY@._V1_QL75_UY74_CR3,0,50,74_.jpg",1942,,"Tyrone Power, Joan Fontaine"
Les Jeunes Loups,https://www.imdb.com/title/tt0053582/?ref_=fn_al_tt_180,"https://m.media-amazon.com/images/M/MV5BODQyMzQyY2ItNzc4NC00M2Q5LWEyYjAtMDY2OTFlMWYxOWZiXkEyXkFqcGdeQXVyNjUwMzI2NzU@._V1_QL75_UY74_CR1,0,50,74_.jpg",1960,,"Robert Wagner, Natalie Wood"
All I Need,https://www.imdb.com/title/tt2370228/?ref_=fn_al_tt_181,"https://m.media-amazon.com/images/M/MV5BMTc5NDUyMTUzM15BMl5BanBnXkFtZTgwODIzMzIzNjE@._V1_QL75_UX50_CR0,1,50,74_.jpg",2016,,"Caitlin Stasey, Markus Taylor"
Allô allô,https://www.imdb.com/title/tt0086659/?ref_=fn_al_tt_182,"https://m.media-amazon.com/images/M/MV5BMzhmYjcwZDEtMjZiZC00MDBlLWIwYmYtMmRjNmYyNzlkNzhmXkEyXkFqcGdeQXVyMTUyNjc3NDQ4._V1_QL75_UX50_CR0,1,50,74_.jpg",1982–1992,Série télévisée,Série télévisée
Ally McBeal,https://www.imdb.com/title/tt0118254/?ref_=fn_al_tt_183,"https://m.media-amazon.com/images/M/MV5BYjE1ZTlmMTItNmNjZC00NjliLTgyNDMtMDdlOGNjNmJiYzJjXkEyXkFqcGdeQXVyNjQ2MjQ5NzM@._V1_QL75_UX50_CR0,3,50,74_.jpg",1997–2002,Série télévisée,Série télévisée
Le piment de la vie,https://www.imdb.com/title/tt0057581/?ref_=fn_al_tt_184,"https://m.media-amazon.com/images/M/MV5BZTNkYTlkNmMtZGEwNy00ZjI1LWEzODctNTExOWQ0NTNjN2QzXkEyXkFqcGdeQXVyMTMxMTY0OTQ@._V1_QL75_UX50_CR0,1,50,74_.jpg",1963,,"Doris Day, James Garner"
Still Open All Hours,https://www.imdb.com/title/tt3425318/?ref_=fn_al_tt_185,"https://m.media-amazon.com/images/M/MV5BNDYwMzAxNTY1OF5BMl5BanBnXkFtZTgwMTc5NjY4MzE@._V1_QL75_UY74_CR1,0,50,74_.jpg",2013–2019,Série télévisée,Série télévisée
All the Sins,https://www.imdb.com/title/tt8475274/?ref_=fn_al_tt_186,"https://m.media-amazon.com/images/M/MV5BNjU5YmU3MDYtYTAzZC00ZDk2LWFhMWUtMjc3YjlkZDMzYTVmXkEyXkFqcGdeQXVyMTE1NjU1Nw@@._V1_QL75_UY74_CR3,0,50,74_.jpg",2019–,Série télévisée,Série télévisée
Le plus beau cadeau du monde,https://www.imdb.com/title/tt0101301/?ref_=fn_al_tt_187,"https://m.media-amazon.com/images/M/MV5BOGQ2ZmU3ZTktYjY1Zi00NjYyLWEwMTItYmYzYjc1YTYyYTUyXkEyXkFqcGdeQXVyODIyOTEyMzY@._V1_QL75_UY74_CR1,0,50,74_.jpg",1991,,"Harley Jane Kozak, Jamey Sheridan"
All Star Shore,https://www.imdb.com/title/tt20859150/?ref_=fn_al_tt_188,"https://m.media-amazon.com/images/M/MV5BZTI0MWM5NDMtMmRlMy00OWQ1LTgwM2YtMDlkOWIzODc1NTg2XkEyXkFqcGdeQXVyMTUwNjg3NTUw._V1_QL75_UX50_CR0,1,50,74_.jpg",2022–2023,Série télévisée,Série télévisée
All Is Calm,https://www.imdb.com/title/tt16996230/?ref_=fn_al_tt_189,"https://m.media-amazon.com/images/M/MV5BNDYyODkwMTctNmM2Ni00ZjUxLTk4MzktOTc5MzFlNzFiNDIyXkEyXkFqcGc@._V1_QL75_UX50_CR0,2,50,74_.jpg",2022,,"Brittany Goodwin, Aaron Mees"
All-American Girl,https://www.imdb.com/title/tt0108693/?ref_=fn_al_tt_190,"https://m.media-amazon.com/images/M/MV5BMTc3ODM0NjYyMF5BMl5BanBnXkFtZTcwMTUxNjkzMQ@@._V1_QL75_UY74_CR2,0,50,74_.jpg",1994–1995,Série télévisée,Série télévisée
All Stars,https://www.imdb.com/title/tt3113448/?ref_=fn_al_tt_191,"https://m.media-amazon.com/images/M/MV5BMjA0MjUxMjE1OF5BMl5BanBnXkFtZTgwNjEyNjk1NDE@._V1_QL75_UX50_CR0,1,50,74_.jpg",2014,,"Fred Willard, Miriam Flynn"
All Is Well,https://www.imdb.com/title/tt3547616/?ref_=fn_al_tt_192,"https://m.media-amazon.com/images/M/MV5BZTc3ZGJlYjgtYTEyMC00OWM4LTk4YTktYWQ0OTNhOGQwOGUwXkEyXkFqcGc@._V1_QL75_UY74_CR1,0,50,74_.jpg",2015,,"Rishi Kapoor, Abhishek Bachchan"
All Tied Up,https://www.imdb.com/title/tt0105442/?ref_=fn_al_tt_193,"https://m.media-amazon.com/images/M/MV5BYTkyYzk5NDktNjEyNy00ZWNkLTg1Y2ItZmZhN2UyYmRjM2Y2XkEyXkFqcGdeQXVyNTM3MDMyMDQ@._V1_QL75_UY74_CR3,0,50,74_.jpg",1993,Vidéo,Vidéo
Au coeur du haras,https://www.imdb.com/title/tt0821810/?ref_=fn_al_tt_194,"https://m.media-amazon.com/images/M/MV5BMjAzMjU3OTM0M15BMl5BanBnXkFtZTcwOTU4OTY4MQ@@._V1_QL75_UX50_CR0,0,50,74_.jpg",2008,,"Peter Coyote, Jason London"
Ils étaient tous mes fils,https://www.imdb.com/title/tt0040087/?ref_=fn_al_tt_195,"https://m.media-amazon.com/images/M/MV5BMjIxMTQ3NWUtOGQyMS00NTVmLWI4Y2EtOWFkMjYwMGUzNjBiXkEyXkFqcGdeQXVyMDI2NDg0NQ@@._V1_QL75_UX50_CR0,1,50,74_.jpg",1948,,"Edward G. Robinson, Burt Lancaster"
All You Need Is Blood,https://www.imdb.com/title/tt26219792/?ref_=fn_al_tt_196,"https://m.media-amazon.com/images/M/MV5BZTlkZmQ4OTAtYzc1Yy00ZjllLTkwMmItNWQyMWIyYjNjMWExXkEyXkFqcGdeQXVyMjA2MTQ3ODc@._V1_QL75_UX50_CR0,1,50,74_.jpg",2023,,"Logan Riley Bruner, Amanda Bruton"
All About Sex,https://www.imdb.com/title/tt0126861/?ref_=fn_al_tt_197,"https://m.media-amazon.com/images/M/MV5BYTdiMjJjNmEtZWIyNi00N2I3LWIxYjgtODI1ZGIzY2ZkNzY4XkEyXkFqcGc@._V1_QL75_UX50_CR0,1,50,74_.jpg",1998,,"Jonathan Silverman, Leah Lail"
All the Right Noises,https://www.imdb.com/title/tt0064004/?ref_=fn_al_tt_198,"https://m.media-amazon.com/images/M/MV5BOGUyMTFjMjAtODBiYS00N2FjLThjYjItZjJjYmVjYjQ2OTY0XkEyXkFqcGc@._V1_QL75_UX50_CR0,1,50,74_.jpg",1970,,"Tom Bell, Judy Carne"
All the Wilderness,https://www.imdb.com/title/tt2357770/?ref_=fn_al_tt_199,"https://m.media-amazon.com/images/M/MV5BMjI5MTU3NTE5NV5BMl5BanBnXkFtZTgwMDA3NjkwNDE@._V1_QL75_UX50_CR0,1,50,74_.jpg",2014,,"Kodi Smit-McPhee, Virginia Madsen"
All you need,https://www.imdb.com/title/tt14576708/?ref_=fn_al_tt_200,"https://m.media-amazon.com/images/M/MV5BNmZiZGVkZDUtZjE5NS00ZDMzLWFmODUtYTg4ODkxMjIwYjMxXkEyXkFqcGdeQXVyNjc3MjQzNTI@._V1_QL75_UY74_CR3,0,50,74_.jpg",2021–,Série télévisée,Série télévisée
All About Evil,https://www.imdb.com/title/tt1307858/?ref_=fn_al_tt_201,"https://m.media-amazon.com/images/M/MV5BMTY0MzMzMjkwMl5BMl5BanBnXkFtZTcwMzc1MjU1Mw@@._V1_QL75_UX50_CR0,1,50,74_.jpg",2010,,"Jack Donner, Mikayla Rosario"
All In,https://www.imdb.com/title/tt6767728/?ref_=fn_al_tt_202,"https://m.media-amazon.com/images/M/MV5BNDUxNzA3ODctNGViNC00OGE0LTllNDgtYzE5ZmNjNDAxMGYxXkEyXkFqcGdeQXVyNjg0NzYzOTM@._V1_QL75_UX50_CR0,2,50,74_.jpg",2019,,"Lil Mama, Elise Neal"
Le livre de Jérémie,https://www.imdb.com/title/tt0368774/?ref_=fn_al_tt_203,"https://m.media-amazon.com/images/M/MV5BZDUwYzExZmYtMWRmMi00ZTUwLTg5MzgtNjBhMWIxZGI0OWQ3XkEyXkFqcGdeQXVyNDkzNTM2ODg@._V1_QL75_UY74_CR3,0,50,74_.jpg",2004,,"Asia Argento, Dylan Sprouse"
All Summer in a Day,https://www.imdb.com/title/tt0195517/?ref_=fn_al_tt_204,"https://m.media-amazon.com/images/M/MV5BMTZlMGQwMzQtNjc1My00ZmZlLWFkM2ItNTcyZTExOTI5NTdjXkEyXkFqcGdeQXVyMjUwMzY3Njk@._V1_QL75_UY74_CR41,0,50,74_.jpg",1982,Téléfilm,Téléfilm
La grande traversée,https://www.imdb.com/title/tt10808832/?ref_=fn_al_tt_205,"https://m.media-amazon.com/images/M/MV5BOWIwMDFiZTMtMTc2NS00ZjkxLWJmNDgtOWFhZjVkNDNkZTgzXkEyXkFqcGdeQXVyMTEyMjM2NDc2._V1_QL75_UX50_CR0,0,50,74_.jpg",2020,,"Meryl Streep, Gemma Chan"
Si tu crois fillette,https://www.imdb.com/title/tt0067610/?ref_=fn_al_tt_206,"https://m.media-amazon.com/images/M/MV5BM2U1NzljOWQtMjg0OC00N2RkLThlNDUtODNjZGU2MzJmZjljL2ltYWdlL2ltYWdlXkEyXkFqcGdeQXVyMjI4MjA5MzA@._V1_QL75_UX50_CR0,1,50,74_.jpg",1971,,"Rock Hudson, Angie Dickinson"
L'aventure à deux,https://www.imdb.com/title/tt7243076/?ref_=fn_al_tt_207,"https://m.media-amazon.com/images/M/MV5BNjIzNmVjMDgtNWQ3Ni00MWUzLTk4ZWUtYjhiZWY0MWUwZjVjXkEyXkFqcGdeQXVyMzYyNjExOTc@._V1_QL75_UX50_CR0,1,50,74_.jpg",2017,Téléfilm,Téléfilm
"Allô maman, ici bébé!",https://www.imdb.com/title/tt0097778/?ref_=fn_al_tt_208,"https://m.media-amazon.com/images/M/MV5BMGVmNTM4ZTQtOTkwNS00ZWE5LWFiNzctMDUwNDU1NmM0MjlmXkEyXkFqcGdeQXVyMjc1NDA2OA@@._V1_QL75_UY74_CR3,0,50,74_.jpg",1989,,"John Travolta, Kirstie Alley"
Kill 'Em All,https://www.imdb.com/title/tt5767628/?ref_=fn_al_tt_209,"https://m.media-amazon.com/images/M/MV5BYTYxZGNlOGQtYjhjOS00NjI3LTliYzgtZTRiNWZlN2NlZjA0XkEyXkFqcGdeQXVyOTg4MDYyNw@@._V1_QL75_UX50_CR0,1,50,74_.jpg",2017,,"Jean-Claude Van Damme, Autumn Reeser"
All Superheroes Must Die,https://www.imdb.com/title/tt1836212/?ref_=fn_al_tt_210,"https://m.media-amazon.com/images/M/MV5BMjAxNzc3NTg4NF5BMl5BanBnXkFtZTcwODQ5MTY2OA@@._V1_QL75_UY74_CR1,0,50,74_.jpg",2011,,"Jason Trost, Lucas Till"
All Crazy Random,https://www.imdb.com/title/tt14361698/?ref_=fn_al_tt_211,"https://m.media-amazon.com/images/M/MV5BMzdlNTE2OGYtZTZhYS00MjhmLWI2NGMtNTNmOGNjOTI3MTE4XkEyXkFqcGdeQXVyNjE3NjM5NDg@._V1_QL75_UX50_CR0,1,50,74_.jpg",2022,,"Karl Walsh, Mike Crook"
All of Us Are Dead Roblox,https://www.imdb.com/title/tt32173941/?ref_=fn_al_tt_212,"https://m.media-amazon.com/images/M/MV5BMmU3OGM3MmUtMzNlNi00OTIwLTkzOGQtMDg3MTNjYmQzNzEyXkEyXkFqcGdeQXVyMTc5Njc3MTY1._V1_QL75_UX50_CR0,1,50,74_.jpg",2022–,Série télévisée,Série télévisée
Spy Kids 4: Tout le temps du monde,https://www.imdb.com/title/tt1517489/?ref_=fn_al_tt_213,"https://m.media-amazon.com/images/M/MV5BMjE1NTEwNzM5MV5BMl5BanBnXkFtZTcwNTA5Njc0NQ@@._V1_QL75_UX50_CR0,0,50,74_.jpg",2011,,"Jessica Alba, Jeremy Piven"
All My Children,https://www.imdb.com/title/tt2737690/?ref_=fn_al_tt_214,"https://m.media-amazon.com/images/M/MV5BMTQxODg4MjI0NF5BMl5BanBnXkFtZTgwNzY0NDAxMDE@._V1_QL75_UX50_CR0,0,50,74_.jpg",2013–,Série télévisée,Série télévisée
Louis Tomlinson: All of Those Voices,https://www.imdb.com/title/tt26675252/?ref_=fn_al_tt_215,"https://m.media-amazon.com/images/M/MV5BNmMxMTY2NDQtYzQ1YS00MjgyLWExMWQtMTI4OGYwNThiODFhXkEyXkFqcGdeQXVyMTA3MDk2NDg2._V1_QL75_UY74_CR3,0,50,74_.jpg",2023,,"Louis Tomlinson, Isaac Anderson"
All in Time,https://www.imdb.com/title/tt3247286/?ref_=fn_al_tt_216,"https://m.media-amazon.com/images/M/MV5BNzg0ZDY3YjctOTUzNS00YjE3LWEyZDAtZDgwZjI0YjBlMmUyXkEyXkFqcGdeQXVyNjY1ODkwNDg@._V1_QL75_UX50_CR0,0,50,74_.jpg",2015,,"Sean Modica, Lynn Cohen"
Désir de femme,https://www.imdb.com/title/tt0045492/?ref_=fn_al_tt_217,"https://m.media-amazon.com/images/M/MV5BMzE5NGNkMjUtZjI2YS00NmZjLWFjY2ItOGNjZjI4ODNjMzQ4XkEyXkFqcGdeQXVyMTAwMzUyOTc@._V1_QL75_UX50_CR0,2,50,74_.jpg",1953,,"Barbara Stanwyck, Richard Carlson"
All the Rage,https://www.imdb.com/title/tt0176426/?ref_=fn_al_tt_218,"https://m.media-amazon.com/images/M/MV5BMTcxMzY1MTc1NV5BMl5BanBnXkFtZTcwOTY2OTQyMQ@@._V1_QL75_UY74_CR1,0,50,74_.jpg",1999,,"Joan Allen, Jeff Daniels"
Striptease Boys,https://www.imdb.com/title/tt10844026/?ref_=fn_al_tt_219,"https://m.media-amazon.com/images/M/MV5BYjExNjExMzEtNDQxMy00Yzg0LTg4MjctMzE1YzUwYTBhYTg4XkEyXkFqcGdeQXVyNjg0ODE1ODE@._V1_QL75_UY74_CR1,0,50,74_.jpg",2019,,"Jason Cenami, Edward Cerezo"
All Hail King Julien: Exiled,https://www.imdb.com/title/tt6865906/?ref_=fn_al_tt_220,"https://m.media-amazon.com/images/M/MV5BODFjN2UyZGEtYTU0NC00NDg3LTk3ZjQtOGM1ZjBhNTk5NzRjXkEyXkFqcGdeQXVyMzA1MjMyNTY@._V1_QL75_UY74_CR2,0,50,74_.jpg",2017,Série télévisée,Série télévisée
All In,https://www.imdb.com/title/tt0475217/?ref_=fn_al_tt_221,"https://m.media-amazon.com/images/M/MV5BMjE0MDIxODgyOV5BMl5BanBnXkFtZTcwMzY0MTUwMg@@._V1_QL75_UY74_CR1,0,50,74_.jpg",2006,,"Dominique Swain, Michael Madsen"
All That Glitters,https://www.imdb.com/title/tt0075658/?ref_=fn_al_tt_222,"https://m.media-amazon.com/images/M/MV5BNDI2ZjU3YzgtNzBiNS00N2FkLWEwMDAtNTI1YTVhOTM2NjQ0L2ltYWdlL2ltYWdlXkEyXkFqcGdeQXVyMjcyMDU4NA@@._V1_QL75_UY74_CR28,0,50,74_.jpg",1977,Série télévisée,Série télévisée
Deadly Game,https://www.imdb.com/title/tt2095568/?ref_=fn_al_tt_223,"https://m.media-amazon.com/images/M/MV5BMTQyMDkwNTcwOF5BMl5BanBnXkFtZTgwMDY3MTAwMTE@._V1_QL75_UY74_CR3,0,50,74_.jpg",2013,,"Gabriel Byrne, Rufus Sewell"
All-Round Champion,https://www.imdb.com/title/tt11790082/?ref_=fn_al_tt_224,"https://m.media-amazon.com/images/M/MV5BMWZmNDAxMmEtY2QxYi00ZDUzLTliOGQtNzg2ZTRkODA1YzkwXkEyXkFqcGdeQXVyMTAwMzM3NDI3._V1_QL75_UY74_CR1,0,50,74_.jpg",2020–,Série télévisée,Série télévisée
All This Mayhem,https://www.imdb.com/title/tt2938416/?ref_=fn_al_tt_225,"https://m.media-amazon.com/images/M/MV5BMjA3MDU3MTU2Ml5BMl5BanBnXkFtZTgwODkzNDkzMjE@._V1_QL75_UX50_CR0,0,50,74_.jpg",2014,,"Tas Pappas, Ben Pappas"
All That I Am,https://www.imdb.com/title/tt10345918/?ref_=fn_al_tt_226,,2014,,"Tas Pappas, Ben Pappas"
All That Glitters,https://www.imdb.com/title/tt31025224/?ref_=fn_al_tt_227,"https://m.media-amazon.com/images/M/MV5BZDRjOTAyYmQtNWJhNS00Nzc0LWE5YzctYmY2ODRiNjc4NzE1XkEyXkFqcGdeQXVyMTE0OTAwNjA1._V1_QL75_UY74_CR41,0,50,74_.jpg",2023,Série télévisée,Série télévisée
La bourrasque,https://www.imdb.com/title/tt0050112/?ref_=fn_al_tt_228,"https://m.media-amazon.com/images/M/MV5BYTgwNDg1Y2EtZTU1YS00MTBjLWI3ZjItOWY1YTExMWFmYWM4XkEyXkFqcGc@._V1_QL75_UX50_CR0,1,50,74_.jpg",1957,,"Glynis Johns, Cameron Mitchell"
All of Me,https://www.imdb.com/title/tt0445173/?ref_=fn_al_tt_229,"https://m.media-amazon.com/images/M/MV5BZTA0MjE4ZWQtYjRhYi00ZjRhLWFmMzItYjc3YzExZmM0YzFiXkEyXkFqcGdeQXVyMTczMjg5NjY4._V1_QL75_UX50_CR0,1,50,74_.jpg",1963,,"Brenda Denaut, Joel Holt"
All the Lost Ones,https://www.imdb.com/title/tt22002058/?ref_=fn_al_tt_230,,2024,,"Devon Sawa, Vinessa Antoine"
All of Me,https://www.imdb.com/title/tt0445173/?ref_=fn_al_tt_231,"https://m.media-amazon.com/images/M/MV5BZTA0MjE4ZWQtYjRhYi00ZjRhLWFmMzItYjc3YzExZmM0YzFiXkEyXkFqcGdeQXVyMTczMjg5NjY4._V1_QL75_UX50_CR0,1,50,74_.jpg",1963,,"Brenda Denaut, Joel Holt"
Ma nounou est un homme!,https://www.imdb.com/title/tt5368354/?ref_=fn_al_tt_232,"https://m.media-amazon.com/images/M/MV5BYTNkNjQyYWYtNDA5OC00MTM4LWIxNmUtODU1OTNhNjdiZTg2XkEyXkFqcGdeQXVyNjg5MzE4NTA@._V1_QL75_UX50_CR0,1,50,74_.jpg",2016,Téléfilm,Téléfilm
All About Sex,https://www.imdb.com/title/tt4424426/?ref_=fn_al_tt_233,"https://m.media-amazon.com/images/M/MV5BMTgyMTg2NTQwNV5BMl5BanBnXkFtZTgwMjAwNjU4NDE@._V1_QL75_UY74_CR19,0,50,74_.jpg",2015–,Série télévisée,Série télévisée
Saturday Morning All Star Hits!,https://www.imdb.com/title/tt15977708/?ref_=fn_al_tt_234,"https://m.media-amazon.com/images/M/MV5BMDViMmEwNjYtOTJjMS00MDllLTkwYTYtOTM4NTI5ZmEwMDBiXkEyXkFqcGc@._V1_QL75_UY74_CR5,0,50,74_.jpg",2021,Série télévisée,Série télévisée
All Out,https://www.imdb.com/title/tt6738600/?ref_=fn_al_tt_235,"https://m.media-amazon.com/images/M/MV5BYTIzMzI1YjAtY2Y5ZC00NTRmLTg3Y2MtMTg0NDE0NzY0YTUxXkEyXkFqcGdeQXVyNTc3MDU1MTU@._V1_QL75_UX50_CR0,1,50,74_.jpg",2016–2017,Série télévisée,Série télévisée
Love Island: All Stars,https://www.imdb.com/title/tt28959685/?ref_=fn_al_tt_236,"https://m.media-amazon.com/images/M/MV5BODAyZTJmNDQtMGJhMS00NGI0LThlZDQtZWNhZjBhZGI2OTA1XkEyXkFqcGdeQXVyMTQxNzMzNDI@._V1_QL75_UX50_CR0,0,50,74_.jpg",2024–,Série télévisée,Série télévisée
All That Way for Love,https://www.imdb.com/title/tt1912988/?ref_=fn_al_tt_237,"https://m.media-amazon.com/images/M/MV5BMjExNTQ4NTc1M15BMl5BanBnXkFtZTcwOTYzODYwOQ@@._V1_QL75_UX50_CR0,1,50,74_.jpg",2011,Court-métrage,Court-métrage
All or Nothing: Manchester City,https://www.imdb.com/title/tt7653274/?ref_=fn_al_tt_238,"https://m.media-amazon.com/images/M/MV5BMTgwNjYyNzAyOF5BMl5BanBnXkFtZTgwNjAyMjAwNjM@._V1_QL75_UY74_CR3,0,50,74_.jpg",2018,Mini-série télévisée,Mini-série télévisée
Terreur dans la nuit,https://www.imdb.com/title/tt0086449/?ref_=fn_al_tt_239,"https://m.media-amazon.com/images/M/MV5BZjQ0MGEzOTgtNjEyYy00YzdmLWJmYWMtMWE2ZTI0MDRiYzJhXkEyXkFqcGc@._V1_QL75_UX50_CR0,1,50,74_.jpg",1980,,"Jennifer Runyon, Forrest Swonsen"
All Souls Day: Dia de los Muertos,https://www.imdb.com/title/tt0428212/?ref_=fn_al_tt_240,"https://m.media-amazon.com/images/M/MV5BMTY3Mjg2MTMwOF5BMl5BanBnXkFtZTcwNDYwNzEzMQ@@._V1_QL75_UY74_CR2,0,50,74_.jpg",2005,,"Marisa Ramirez, Travis Wester"
All About the Money,https://www.imdb.com/title/tt2312184/?ref_=fn_al_tt_241,"https://m.media-amazon.com/images/M/MV5BNmZmYzg2OWMtMmE4OC00MTkwLTgwNjktYzE0ZDc1Zjk3OWNlXkEyXkFqcGdeQXVyMTk3NzQ0MQ@@._V1_QL75_UX50_CR0,0,50,74_.jpg",2017,,"Eddie Griffin, Blake Freeman"
All Neat in Black Stockings,https://www.imdb.com/title/tt0062649/?ref_=fn_al_tt_242,"https://m.media-amazon.com/images/M/MV5BZGZjMjRmMTAtMTIxNC00NzYwLWJiMWItNWQ2YTY3MWUwNTZiXkEyXkFqcGdeQXVyMjU5OTg5NDc@._V1_QL75_UY74_CR0,0,50,74_.jpg",1969,,"Victor Henry, Susan George"
All You've Got,https://www.imdb.com/title/tt0458465/?ref_=fn_al_tt_243,"https://m.media-amazon.com/images/M/MV5BMTk4MzE3NDc2Ml5BMl5BanBnXkFtZTcwNzc5NzIzMQ@@._V1_QL75_UY74_CR2,0,50,74_.jpg",2006,Téléfilm,Téléfilm
All Kinds of Love,https://www.imdb.com/title/tt18748482/?ref_=fn_al_tt_244,"https://m.media-amazon.com/images/M/MV5BZjczNmE0NmMtOWU5Yi00MWUwLWFmMGEtZjJiNGE3NDU1MWI3XkEyXkFqcGdeQXVyMTMwNjQxNDU1._V1_QL75_UX50_CR0,0,50,74_.jpg",2022,,"Matthew Montgomery, Cody Duke"
Walk All Over Me,https://www.imdb.com/title/tt0907680/?ref_=fn_al_tt_245,"https://m.media-amazon.com/images/M/MV5BMjc2MTYzOTMyOF5BMl5BanBnXkFtZTcwOTIzMDU1MQ@@._V1_QL75_UX50_CR0,0,50,74_.jpg",2007,,"Leelee Sobieski, Tricia Helfer"
We're All Gonna Die,https://www.imdb.com/title/tt28055078/?ref_=fn_al_tt_246,"https://m.media-amazon.com/images/M/MV5BZjNiYTBkYzktZjZiMy00OGZkLWJiYzItM2MyZDJmNDY5OTVjXkEyXkFqcGdeQXVyMTI5Njg5Nzc3._V1_QL75_UX50_CR0,0,50,74_.jpg",2024,,"Indiana Arnold, Nevada Arnold"
All Gone Wrong,https://www.imdb.com/title/tt10719764/?ref_=fn_al_tt_247,"https://m.media-amazon.com/images/M/MV5BYmU3ZjQwYTYtNzI5Ni00ZTYzLTgxODktZTg5MzQzYmM0NTQwXkEyXkFqcGc@._V1_QL75_UX50_CR0,0,50,74_.jpg",2021,,"Jake Kaufman, Tony Todd"
Taylor Swift: All Too Well,https://www.imdb.com/title/tt9603082/?ref_=fn_al_tt_248,"https://m.media-amazon.com/images/M/MV5BZmJjY2MyMTctZWYxMy00YzliLWIzN2UtODFmOGVmNTE1YzUwXkEyXkFqcGdeQXVyOTcxNTc5NTQ@._V1_QL75_UY74_CR4,0,50,74_.jpg",2021,Court-métrage,Court-métrage
All That Glitters: Britain's Next Jewellery Star,https://www.imdb.com/title/tt14372080/?ref_=fn_al_tt_249,"https://m.media-amazon.com/images/M/MV5BMmJmMjMzOWItMGE1OC00ZDI3LWFhOTItOGEyZjM5MDcwNWU5XkEyXkFqcGdeQXVyODc0OTEyNDU@._V1_QL75_UX50_CR0,1,50,74_.jpg",2021–2022,Série télévisée,Série télévisée
Mariah Carey Présente: Mon plus beau cadeau de Noël,https://www.imdb.com/title/tt6678950/?ref_=fn_al_tt_250,"https://m.media-amazon.com/images/M/MV5BZDQ2NDA5MmUtYTc2ZC00ZTQwLWIwZDctODRmYzBmYTljZDNlXkEyXkFqcGdeQXVyNTUzNjcwOTM@._V1_QL75_UX50_CR0,0,50,74_.jpg",2017,Vidéo,Vidéo
Divergente 3 : Au-delà du mur,https://www.imdb.com/title/tt3410834/?ref_=fn_al_tt_251,"https://m.media-amazon.com/images/M/MV5BYjAwZThmNGItYTIxYy00MmQyLWExZjEtNTE3ZTA5MGY4NDZjXkEyXkFqcGdeQXVyMTYzMDM0NTU@._V1_QL75_UY74_CR1,0,50,74_.jpg",2016,,"Shailene Woodley, Theo James"
All Square,https://www.imdb.com/title/tt6927880/?ref_=fn_al_tt_252,"https://m.media-amazon.com/images/M/MV5BMTdjY2Q3NjYtMzc3Mi00ZTJkLTkzZTUtYzgxNDJiZjliNDg5XkEyXkFqcGdeQXVyMjQ2NDU3NDY@._V1_QL75_UX50_CR0,0,50,74_.jpg",2018,,"Michael Kelly, Jesse Ray Sheps"
It Is in Us All,https://www.imdb.com/title/tt10406466/?ref_=fn_al_tt_253,"https://m.media-amazon.com/images/M/MV5BMjYyMDc4NWMtNTliYy00NWY0LWIzNWQtNTEyY2M3MGI3Y2JmXkEyXkFqcGdeQXVyMTMwNjQxNDU1._V1_QL75_UX50_CR0,0,50,74_.jpg",2022,,"Cosmo Jarvis, Rhys Mannion"
Les anges de Boston 2,https://www.imdb.com/title/tt1300851/?ref_=fn_al_tt_254,"https://m.media-amazon.com/images/M/MV5BMTY4MDMxNzM2M15BMl5BanBnXkFtZTcwNjk5MzU5Mg@@._V1_QL75_UY74_CR0,0,50,74_.jpg",2009,,"Sean Patrick Flanery, Norman Reedus"
Que souffle la romance,https://www.imdb.com/title/tt14315756/?ref_=fn_al_tt_255,"https://m.media-amazon.com/images/M/MV5BYTYzOWQ0ZTItMzU2OC00YmMyLWIzMGYtMTk1ZjcwNGIxYThjXkEyXkFqcGdeQXVyNzg5MzIyOA@@._V1_QL75_UX50_CR0,0,50,74_.jpg",2021,,"Michael Urie, Philemon Chambers"
